id,url,keyword,content,author,postdate,source,num_likes
0,ruTGbA9sNyM,서울대병원,찬원이  아프면  우리도아파요재발건강돌보세요,장영자,20211110T22:51:40Z,Youtube,0
1,ruTGbA9sNyM,서울대병원,찬원씨  제발건강좀 생각하세요,장영자,20211110T22:49:29Z,Youtube,0
2,ruTGbA9sNyM,서울대병원,이찬원도일정도피곤한데 이찬원 힘들게하지안았으면영탁도힘들겠지만,윤명자,20211110T14:17:06Z,Youtube,1
3,ruTGbA9sNyM,서울대병원,썸네일 내려라.신고들어간다.신고..,유승이,20211110T13:09:31Z,Youtube,0
4,ruTGbA9sNyM,서울대병원,이여자는 매일 말도 안되는 소리 지꺼리냐 보기싫어,김 정말 좋아요 노래도 잘하고 울지마세요영애,20211110T12:50:43Z,Youtube,0
5,ruTGbA9sNyM,서울대병원,이찬원연결시키지마,이덕순,20211110T12:11:59Z,Youtube,0
6,FwR4x9Rqwac,서울대병원,"* 타인을 비방하거나 욕설, 비속어, 차별적 내용, 신체적 비하 등의 불쾌감을 줄 수 있는 댓글은 무통보 삭제될 수 있습니다.* 단순 비난, 허위 사실 유포,  광고 등의 댓글은 무통보 삭제될 수 있습니다. * 의학적 질문에 답변을 드리지 않습니다.* 제공된 의학정보는 일반적인 사항으로 개개인의 특성을 반영하지 못합니다.",서울대병원tv,20211110T07:52:13Z,Youtube,0
7,FwR4x9Rqwac,서울대병원,유용한 정보 감사합니다~,Heejung Kim,20211111T00:11:26Z,Youtube,0
8,FwR4x9Rqwac,서울대병원,"함께, 같이 라는 키워드가  진정 어울리는 간이식 팀 최고입니다!!!^^",Mimi Lee,20211110T11:43:53Z,Youtube,0
9,FwR4x9Rqwac,서울대병원,푸하하! 간떨어짐. 어벤져스 교수님들 덕분에 딱딱한 주제를 유쾌하게 들을 수 있었슴다!!!,jh i,20211110T08:06:37Z,Youtube,1
10,FwR4x9Rqwac,서울대병원,외과의 꽃🌷 설명 잘 들었습니다 ㅎㅎ,lee승연,20211110T07:59:23Z,Youtube,0
11,FwR4x9Rqwac,서울대병원,좋은하루 보내세요 ~👍,만덕,20211110T07:18:13Z,Youtube,0
12,2IWIVz7b-NU,서울대병원,"* 타인을 비방하거나 욕설, 비속어, 차별적 내용, 신체적 비하 등의 불쾌감을 줄 수 있는 댓글은 무통보 삭제될 수 있습니다.* 단순 비난, 허위 사실 유포,  광고 등의 댓글은 무통보 삭제될 수 있습니다. * 의학적 질문에 답변을 드리지 않습니다.* 제공된 의학정보는 일반적인 사항으로 개개인의 특성을 반영하지 못합니다.",서울대병원tv,20211109T07:02:14Z,Youtube,0
13,2IWIVz7b-NU,서울대병원,마구니가 끼었구나~~옴마니반메훔,챠니,20211110T12:00:24Z,Youtube,0
14,2IWIVz7b-NU,서울대병원,ㅋㅋㅋㅋㅋ역쉬 자이홍 연기력은 아무도 따라오지 못....,안선미,20211110T02:20:32Z,Youtube,2
15,2IWIVz7b-NU,서울대병원,"안녕하세요 🍒자이홍 님과 서울대병원 안과 🍒이윤진 선생님과 🍒제작진분들 🙏.《다래끼 》- 다래끼 : 속눈썹의 모낭의 피지선에 일어나는 급성 화농성 염증.- 원인 : 눈꺼풀을 깨끗이 씻지 않으면 지질분비샘에 각질이 쌓여 쌓인 아 각질로 인한 염증, 세균감염.- 전염되지 않는다. - 기름종이로 닦는 것은 효과 없다. - 외관상 보기 좋아 수술하는 경우도 있지만,  대부분 온열요법이나 약물(안약)을 사용하면 자연스럽게 호전됨- 예방법   • 하루 3회 5뷴 정도 온찜질하기  • 눈꺼풀 클렌저 재품으로 눈꺼풀테 주위를 닦아주기자이홍 님과 원호 PD남의 연기👍👍👍👍👍~^^자세한 설명과 두 분 연기 덕분에 재밌게 다래끼에 대해 알게 됐어요. 고맙습니다 🙏. 💗",오영도,20211109T13:21:53Z,Youtube,0
16,2IWIVz7b-NU,서울대병원,재밌고 유익한 영상 잘 보고 갑니다!,lee승연,20211109T07:45:08Z,Youtube,0
17,2IWIVz7b-NU,서울대병원,좋은 정보 알려주셔서 감사합니다~,Heejung Kim,20211109T07:15:39Z,Youtube,0
18,2IWIVz7b-NU,서울대병원,"다래끼를 그렸나요;; 덜덜,,, 기름종이는 정말 기발한 방법이네요;",jh i,20211109T07:05:34Z,Youtube,0
19,3TURpkTffdQ,서울대병원,"* 타인을 비방하거나 욕설, 비속어, 차별적 내용, 신체적 비하 등의 불쾌감을 줄 수 있는 댓글은 무통보 삭제될 수 있습니다.* 단순 비난, 허위 사실 유포,  광고 등의 댓글은 무통보 삭제될 수 있습니다. * 의학적 질문에 답변을 드리지 않습니다.* 제공된 의학정보는 일반적인 사항으로 개개인의 특성을 반영하지 못합니다.",서울대병원tv,20211108T07:08:04Z,Youtube,0
20,3TURpkTffdQ,서울대병원,"전에 급성 신우신염을 앓은적이 있는데,요즘 야뇨증 피로 단백뇨 다 있는 것 같아요 3기인듯 ㅠㅠ 빨리 병원에 가봐야 겠죠?? 3기인데, 식사조절하고, 운동해서 살 빼면 병원 안 가도 나을까요??ㅠㅠ",ji young kim,20211109T15:39:27Z,Youtube,0
21,3TURpkTffdQ,서울대병원,와우! 김가영 아나운서 너무 이쁘시네요! 잘 치료가 안된다고 하니 무섭네요 ㅠㅠ,jh i,20211108T07:49:03Z,Youtube,0
22,3TURpkTffdQ,서울대병원,고맙습니다 ~☕🍁🍂👍,만덕,20211108T07:48:58Z,Youtube,0
23,3TURpkTffdQ,서울대병원,좋은 정보 감사합니다.건강톡톡 화이팅!입니다.,돌이호,20211108T07:27:12Z,Youtube,0
24,908gcZVgoPY,서울대병원,쫌 충원해라~,November Rain,20211109T05:40:19Z,Youtube,0
25,JD4TvvS7kok,서울대병원,"* 타인을 비방하거나 욕설, 비속어, 차별적 내용, 신체적 비하 등의 불쾌감을 줄 수 있는 댓글은 무통보 삭제될 수 있습니다.* 단순 비난, 허위 사실 유포,  광고 등의 댓글은 무통보 삭제될 수 있습니다. * 의학적 질문에 답변을 드리지 않습니다.* 제공된 의학정보는 일반적인 사항으로 개개인의 특성을 반영하지 못합니다.",서울대병원tv,20211107T00:34:24Z,Youtube,11
26,JD4TvvS7kok,서울대병원,궁금한 것 이 있습니다.1. 중증환자 나이대별 비율과 기저질환 여부 2. 코로나 백신 맞은 후 6개월 이내에 중증으로 넘어간 비율   이 부분에 대해 알려주실 수 있나요?,꿈꾸는J,20211110T14:27:37Z,Youtube,0
27,JD4TvvS7kok,서울대병원,"영화 &#39;감기&#39; 를 볼 땐 진짜 바이러스가 퍼지면 저렇게 되나 이 생각 했는데, 생각이 현실로 되어 버렸다.",신필립,20211110T11:23:44Z,Youtube,0
28,JD4TvvS7kok,서울대병원,"<a href=""https://www.youtube.com/watch?v=JD4TvvS7kok&amp;t=1m41s"">1:41</a> ㅋㅋㅋㅋ 머선일이고!! 귀여우심.. 이런거 보면 다 같은 저 나이대 친구들 같은데 하는 일은 너무 멋지고 존경스럽다ㅠ",옙,20211110T11:10:12Z,Youtube,3
29,JD4TvvS7kok,서울대병원,"환자와 가장 오랜 시간 함께, 환자와 가장 가까이에 있는 간호사 선생님들 정말 고생많으십니다..",옙,20211110T11:07:25Z,Youtube,2
30,JD4TvvS7kok,서울대병원,고맙습니다 ㅠㅠ 항상 고마울따름입니다,김준형,20211110T09:22:22Z,Youtube,0
31,JD4TvvS7kok,서울대병원,저분들 월급곱배기로 줘야 하는거아님??,슝슝슝,20211110T01:43:43Z,Youtube,2
32,JD4TvvS7kok,서울대병원,위드코로나  조심,이름성,20211110T00:50:38Z,Youtube,0
33,JD4TvvS7kok,서울대병원,존경스럽습니다~!,Ryu jin Park,20211109T18:09:41Z,Youtube,1
34,JD4TvvS7kok,서울대병원,대한민국이 왜 이렇게까지 됐나..지켜보는 사람들도 마음이 너무 아프고 대단하고존경스럽다.. 여러분 세계 모든 나라들을 위해기도도 하고 저희 정신 차리고 방역수칙 잘 지켜요,ww wo,20211109T15:50:56Z,Youtube,2
35,JD4TvvS7kok,서울대병원,존경합니다,hui,20211109T06:02:09Z,Youtube,1
36,JD4TvvS7kok,서울대병원,힘내세요 항상 감사합니다 우리공주가 아파서 입원해서 간호해주셨던 의료진분들 감사합니다,이세하,20211109T05:58:24Z,Youtube,2
37,JD4TvvS7kok,서울대병원,감사합니다 응원합니다. 의료진분들,소이갈릭스,20211109T04:06:58Z,Youtube,2
38,JD4TvvS7kok,서울대병원,중증환자분들이 걸어서 퇴원하시는거 보면 정말 보람되시겠어요...Dicu 화이팅!!!!,light sun,20211109T03:48:22Z,Youtube,5
39,JD4TvvS7kok,서울대병원,코로나로 보라매병원에 2주입원했었는데 진짜 의료진들 너무 고생많으세요 옆에서 보지않으면 진짜 알기어려워요 너무 감사합니다,찹쌀떡애긩이,20211108T21:57:03Z,Youtube,6
40,JD4TvvS7kok,서울대병원,진짜 고생하십니다 ㅜㅜ,나성범벌크업,20211108T17:31:33Z,Youtube,3
41,JD4TvvS7kok,서울대병원,눈물이 핑도네요그리고 감사합니다..고맙습니다..,미닝,20211108T13:04:47Z,Youtube,3
42,JD4TvvS7kok,서울대병원,의료진 분들 항상 수고의 응원의 말을 전합니다 저는 간호학과 에 진학에서 나중에 미래의 저도 의료진으로 일하고 싶은 고등학생입니다 의료진 선생님 들 모든 분들 존경합니다,이민경,20211108T12:32:26Z,Youtube,7
43,JD4TvvS7kok,서울대병원,의료진분들 너무너무 감사합니다.많은분들의 생명을위해 보이지않는곳에서 일해주셔서 감사합니다.하루하루 그저감사한마음으로 살겠습니다.눈물나네요.건강잘지키시면서 일하세요.,k우주의기운,20211108T09:45:23Z,Youtube,5
44,JD4TvvS7kok,서울대병원,영상을 보면서 위기대응 중환자실 모든 의료진분들 너무 고생 많으시네요~ㅠㅠ 보는 내내 울컥했어요~ㅠㅠ 의료진분들 덕분 입니다~👍🏻👍🏻👍🏻,달려라 쿠마77,20211108T08:34:57Z,Youtube,4
45,JD4TvvS7kok,서울대병원,두려움을 이겨내고 자기일에 최선을 다하는 모습만으로도 박수 받아야 하는 분들입니다!,jh i,20211108T07:46:26Z,Youtube,5
46,JD4TvvS7kok,서울대병원,"꼭 중환자 입원단계까지 가지 않더라도, 일반 확진자 한 명에게도 다수의 의료진분들이 투입되게 됩니다. 확진자 수가 더 증가한다면, 인력적 한계로 인해 의료시스템 마비가 되는 것은 당연지사입니다. 제발 거리두기 잘 하시고, 방역수칙 잘 지켜주세요.",MX k,20211108T03:40:30Z,Youtube,36
47,JD4TvvS7kok,서울대병원,의료진들 고생생각해서라도 자기관리는  알아서해야지. 술먹고노는거에 정신나간인간들 ㅡㅡ..,양은지,20211108T02:30:34Z,Youtube,0
48,JD4TvvS7kok,서울대병원,와 ㅠㅠㅠㅠ 너무 멋집니다ㅠㅠㅠ 서울대 병원 직원분들 최고세요! 환자분들도 꼭 빠른 완치를 빕니다.,김서형,20211108T01:01:38Z,Youtube,6
49,JD4TvvS7kok,서울대병원,진짜 이런분들 월급을 수당을 제대로안주는 이게 나라냐???진짜 목숨걸고 하는일에는 그만큼 대우를 좀 해줘라 쓸데없는데 돈좀 쳐쓰지말고특히 지가잘못해서 코로나걸린애들 세금으로 치료해주는게 재일이해안감,se hor,20211107T15:57:43Z,Youtube,5
50,JD4TvvS7kok,서울대병원,코로나 중환자실의 모습이 너무 생생하네요. 코로나 상황이 길어지는 만큼 최접점의 간호사들의 여건도 더욱 체계적으로 개선되면 좋겠습니다. 늘 감사합니다☺️,팥로그 Potlog,20211107T15:01:08Z,Youtube,7
51,JD4TvvS7kok,서울대병원,ㅠㅠ,호옹,20211107T14:15:37Z,Youtube,0
52,JD4TvvS7kok,서울대병원,환자들이  의지할사람은 의료진분들입니다  너무고생많으시고  애쓰십니다너무감사합니다항상  응원합니다 화이팅하세요~~^^,서양선,20211107T13:57:18Z,Youtube,4
53,JD4TvvS7kok,서울대병원,감사합니다..,강석원,20211107T11:17:38Z,Youtube,0
54,JD4TvvS7kok,서울대병원,영상을 보는 내내 마음이 먹먹해집니다. DICU 모든 의료진분들의 노고에 깊이 감사드립니다. 진심으로 존경합니다.환자의 쾌유와 더불어 의료진분들께서도 지치지 않으시고 코로나로부터도 안전하시길 기도하고 응원합니다.,Ellie Kim,20211107T09:33:12Z,Youtube,15
55,JD4TvvS7kok,서울대병원,멋있어요!,이종찬,20211107T07:13:19Z,Youtube,1
56,JD4TvvS7kok,서울대병원,ㅋㅋㅋㅋㅋ 😂 😂,Gaeun Lee,20211107T15:43:15Z,Youtube,0
57,JD4TvvS7kok,서울대병원,의사 안철수 어디갔니?,오형석,20211107T06:33:42Z,Youtube,1
58,JD4TvvS7kok,서울대병원,왜 여기서 찾아;;; 모든 게 다 남탓,ᄋᄋ,20211108T06:11:32Z,Youtube,1
59,JD4TvvS7kok,서울대병원,나도 매일 야근에.. 힘들음,오형석,20211107T06:29:01Z,Youtube,1
60,JD4TvvS7kok,서울대병원,안녕하세요 🍒위기대응 중환자실 간호사분들🙏.영상 보며 감동이...지금 이 순간도 오로지 환자 쾌유를 위해 여러가지 힘듦을 이겨내시고 계신 그 맘에 감사의 두 손 모읍니다 🙏. 고맙습니다 🙏.💗,오영도,20211107T06:21:53Z,Youtube,6
61,JD4TvvS7kok,서울대병원,지금 이분들은 본인들 할일보다 더더더 오바됏음 전염병시국과 고령화로 앞날엔 이분들 없음 살수잇는 사람도 죽음 무조건 감사하게 생각해야 됨,대군주상애비,20211107T06:02:16Z,Youtube,2
62,JD4TvvS7kok,서울대병원,응원해요🏥화이팅하세요,이지혜,20211107T04:53:31Z,Youtube,3
63,JD4TvvS7kok,서울대병원,이시국화이팅간호사도요,이지혜,20211107T04:51:12Z,Youtube,2
64,JD4TvvS7kok,서울대병원,모든 전염병과 환자옆엔 간호사가 환자 커버했다고 해도 과언이 아니다...,jj k,20211107T03:32:22Z,Youtube,9
65,JD4TvvS7kok,서울대병원,보는 내내 울컥했습니다.드릴 건 감사와 존경뿐이네요~ 지치지 마시고 조금만 더 힘내주세요! 응원합니다!세상 누구보다 위대하신 의료진분들👍💕,Seiyu,20211107T03:13:28Z,Youtube,25
66,JD4TvvS7kok,서울대병원,알고도 모른척하고 손해 볼 줄 알지만 베푸는 바보가 되어도 괜찮지 않을까요 라고 말하는 여러분(의료진)들의 아름다운 자비는 고결의 진정한 상징입니다...그래서 백의의 천사라고 불리는 것 입니다 ~늘 건강 유의하시고 보람있는 시간 되시길 기원합니다 ~💚💖💙💛💜⚘💕~⚘🌝🌞😀🌈~🎉🎊🎉~👍👍👍,만덕,20211107T03:09:28Z,Youtube,24
67,JD4TvvS7kok,서울대병원,의사의 수고로움도 크지만환자 간호는 오롯이 간호사의 몫.이들의 노고에 박수를 보냅니다.,조정희,20211107T02:47:27Z,Youtube,50
68,JD4TvvS7kok,서울대병원,감사합니다 고맙습니다 존경합닏ㄱㆍ,dongne 7,20211107T01:15:00Z,Youtube,5
69,JD4TvvS7kok,서울대병원,위드코로나로 느슨해지려는 마음을 영상을 보고 다잡았습니다. 보이지않은 곳에서 애써주시는 의료진분들 다시 한번 감사드려요!,Juhyeon Kim,20211107T01:06:12Z,Youtube,34
70,JD4TvvS7kok,서울대병원,머선일이고? ㅎㅎDICU선생님들 사람을 살리는 분들!바쁜 중에도 환자를 향한 따뜻한 마음이 곳곳에서  보입니다.,Cathy,20211107T00:55:47Z,Youtube,15
71,JD4TvvS7kok,서울대병원,항상감사합니다,황황경규,20211107T00:53:02Z,Youtube,6
72,JD4TvvS7kok,서울대병원,정말 고생많으세요. 응원합니다,PD자이홍,20211107T00:47:09Z,Youtube,7
73,5NKh1cBHSuw,서울대병원,찬원씨코로난줄알고  십넨감수했네  찬만다행이네요  꼭  건강챙기시고  잠도좀주무세요  건강꼭챙  기세요  많이사랑합니다  ♡♡♡,이연순연순,20211110T13:59:35Z,Youtube,0
74,5NKh1cBHSuw,서울대병원,응원합니다찬원군사랑 합니다,오영수,20211108T04:28:28Z,Youtube,0
75,5NKh1cBHSuw,서울대병원,빕잘못뭇나,일상,20211107T18:57:14Z,Youtube,1
76,5NKh1cBHSuw,서울대병원,이찬원가수늘응원합니다 이찬원가수화이팅❤❤❤,김순이,20211107T03:41:54Z,Youtube,3
77,5NKh1cBHSuw,서울대병원,질랄한다,찬원지예,20211106T23:41:51Z,Youtube,5
78,5NKh1cBHSuw,서울대병원,울 찬원님 착한 마음 빛나는 성품 타의 모범을 보여 줌으로서 많은 위안을 받고 울 찬원님을 더 좋아 합니다 응원 할께요~~,일자 박,20211106T23:22:07Z,Youtube,7
79,5NKh1cBHSuw,서울대병원,찬원님부산콘스트축하해요항상응원ㅅ살게요사랑해요,이재임,20211106T22:50:18Z,Youtube,6
80,5NKh1cBHSuw,서울대병원,외거진말하는거야,이부순다,20211107T03:06:58Z,Youtube,0
81,90IicMbOtJw,서울대병원,"넘나 멋진 장민호님,울동원군  아빠에게 전화하길잘하셨어요^^~좋은사람끼리 서로 품앗이하며  의지되는삶이 얼마나 아름다운지모릅니다~~마치 가족같다는 생각이들어 마냥 훈훈합니다^^~♡우리 어린동원이를 물심양면으로가까이서  챙겨주시고 친조카처럼 사랑해주심 뿌듯한 감동입니다!!ㅎ부모님 서울대병원으로가셨으니까 안심해도 됩니다얼굴만 잘생긴줄알았더니 인성도좋은 장민호님 나의 원픽입니다콘서트잘마치고오세용^^승승장구하세요~♡♡♡화이팅~~!!!♡♡♡♡♡",선종녀,20211107T03:01:30Z,Youtube,0
82,90IicMbOtJw,서울대병원,민호씨  걱정말아요동원군이  잘 보살펴줄꺼예요우찌 저리 좋은일도  많이하고동원군  화이팅 입니다민우삼촌이랑  동원군은  가족입니다♡♡♡♡,lkm7011,20211106T16:57:53Z,Youtube,2
83,90IicMbOtJw,서울대병원,아휴어째요?효자장민호님걱정말아요콘서트성공하시고돌아오세요,민순애,20211106T15:59:54Z,Youtube,2
84,90IicMbOtJw,서울대병원,장민가수 모친 건강이 안좋아요 빠른 쾌유을빕니다,손정옥,20211106T13:36:57Z,Youtube,2
85,90IicMbOtJw,서울대병원,Beautiful. Thanks you for sharing video great,Dương Đức,20211106T13:26:25Z,Youtube,0
86,RaV1W8m4OmU,서울대병원,건강 전문 채널 잘 보고 있습니다^^,sunny yun,20211109T15:32:30Z,Youtube,0
87,RaV1W8m4OmU,서울대병원,감사합니다많은도움이되었습니다,한비단,20211109T13:56:17Z,Youtube,0
88,RaV1W8m4OmU,서울대병원,안녕하세요 비온뒤 정진희 PD입니다. 도움이 되셨다니 감사합니다~~,의학채널 비온뒤,20211110T01:24:04Z,Youtube,0
89,RaV1W8m4OmU,서울대병원,두박사님.  감사합니다. 겨울이. 안녕,Yu Stokes,20211109T00:16:05Z,Youtube,6
90,RaV1W8m4OmU,서울대병원,안녕하세요. 비온뒤 김용태PD입니다. 응원 감사합니다.,의학채널 비온뒤,20211109T10:41:01Z,Youtube,1
91,RaV1W8m4OmU,서울대병원,안녕하세요♡교수님 성명 좀 알려주세요^♡^,김성자,20211108T10:19:04Z,Youtube,1
92,RaV1W8m4OmU,서울대병원,안녕하세요 비온뒤 김싱아PD입니다 :) 서울대학교병원 정신건강의학과 이동영 교수입니다!,의학채널 비온뒤,20211108T13:20:47Z,Youtube,0
93,RaV1W8m4OmU,서울대병원,안녕하세요 두벅사님께 감사드립니다^^한가지질문이있어서 올리오니 답변을 부탁드립니다^^저는 관절이좀 심하기때문에 걷는운동을 하기가 좀 불편해서 (발목펌프 기구)를 사용하는편입니다.이런기구를 사용하는것으로도 도움이되는지요? 부탁드립니다^^수고하신 두박사님들감사드립니다☆☆☆,이내자,20211107T22:00:47Z,Youtube,2
94,RaV1W8m4OmU,서울대병원,개새끼신경쓰이내요정말보기안좋으내요,조인자인자,20211109T06:55:31Z,Youtube,0
95,RaV1W8m4OmU,서울대병원,안녕하세요 비온뒤 김싱아PD입니다 :) 유튜브 댓글보다 더 빠르고 정확한 전문의의 답변을 받아보실 수 있는 방법을 소개해드리려고 합니다! 비온뒤 홈페이지(www.aftertherain.kr) 커뮤니티란에 해당 질문을 남겨주시면 엄선된 비온뒤 멘토들의 답변을 바로 받아보실 수 있습니다. 비온뒤 홈페이지에서 꼭 도움 받으시면 좋겠습니다! 댓글 남겨주셔서 감사드리고 오늘도 좋은 하루 보내세요~,의학채널 비온뒤,20211108T02:36:52Z,Youtube,2
96,RaV1W8m4OmU,서울대병원,등산북한산나이가몇살까지등산가능합니까?,あ,20211107T14:16:24Z,Youtube,2
97,RaV1W8m4OmU,서울대병원,"안녕하세요 모든 질문은 저희 홈페이지 커뮤니티를 통해서 받고 있습니다. <a href=""https://www.aftertherain.kr/community.php"">https://www.aftertherain.kr/community.php</a>이쪽에 질문을 남겨주시면 전문의 분들의 답변을 받으실 수 있습니다! (양동주PD)",의학채널 비온뒤,20211108T05:59:07Z,Youtube,0
98,RaV1W8m4OmU,서울대병원,먹는것코트에서모르겠어여뭘먹어편식하지말고지엠오과일지엠오조사원강성태박사7만명우리학과엘지번자7만명70억명19억명이영현외계인우주인버진갤럭티?제프존슨빌게이츠미란다게이츠이승훈이학박사신주혁이학박사아부이반과학자어무이학자,あ,20211107T14:15:40Z,Youtube,1
99,RaV1W8m4OmU,서울대병원,약들이신주혁먹느물약우한감기밑에집소음방음안돼?어무이나는조용히화장실공사날림공사파이자,あ,20211107T14:09:46Z,Youtube,1
100,RaV1W8m4OmU,서울대병원,교수님이 인품이 좋으시고 신중하신거같아요,보보주주,20211107T13:15:30Z,Youtube,3
101,RaV1W8m4OmU,서울대병원,안녕하십니까 .저는 경도인지 장애로 2년전 부터 약을먹고  있는데 근래와서 더 건망증이 심해지고 머리가 무거워 더 이상해지는 느낌이듭니다.특히 오후 2~3시가되면 졸음이와서  자야만  하는 실정입니다. 저 같은 경우 어떻거 해야 하는지 좋은 안내 부탁드리겠습니다.,김영화,20211107T06:54:30Z,Youtube,0
102,RaV1W8m4OmU,서울대병원,"안녕하세요 모든 질문은 저희 홈페이지 커뮤니티를 통해서 받고 있습니다. <a href=""https://www.aftertherain.kr/community.php"">https://www.aftertherain.kr/community.php</a>이쪽에 질문을 남겨주시면 전문의 분들의 답변을 받으실 수 있습니다! (양동주PD)",의학채널 비온뒤,20211108T04:08:20Z,Youtube,0
103,RaV1W8m4OmU,서울대병원,87세된 할머니 기억력이 없으시며 의심이 많아서 도우미가 매우 힘들어 하십니다 정신과 약도 흠쳐 갔다고 의심 하시는데 좋은약이나 치료가 있습니까?,김태조,20211107T02:16:46Z,Youtube,1
104,RaV1W8m4OmU,서울대병원,안녕하세요 비온뒤 김싱아PD입니다 :) 유튜브 댓글보다 더 빠르고 정확한 전문의의 답변을 받아보실 수 있는 방법을 소개해드리려고 합니다! 비온뒤 홈페이지(www.aftertherain.kr) 커뮤니티란에 해당 질문을 남겨주시면 엄선된 비온뒤 멘토들의 답변을 바로 받아보실 수 있습니다. 비온뒤 홈페이지에서 꼭 도움 받으시면 좋겠습니다! 댓글 남겨주셔서 감사드리고 오늘도 좋은 하루 보내세요~,의학채널 비온뒤,20211108T02:44:49Z,Youtube,0
105,RaV1W8m4OmU,서울대병원,자꾸 까먹는게 많아서 무섭긴하내용,박지현,20211107T00:35:09Z,Youtube,1
106,RaV1W8m4OmU,서울대병원,잘봣습니당,박지현,20211107T02:22:43Z,Youtube,2
107,RaV1W8m4OmU,서울대병원,안녕하세요 미국사는 65세 되는 애청자 입니다 수면장애 가 있는 데 수면제를 먹어서 잠을 충분히 자야 될까요 감사합니다,Hae young Reiter,20211106T09:24:22Z,Youtube,7
108,RaV1W8m4OmU,서울대병원,"안녕하세요 모든 질문은 저희 홈페이지 커뮤니티를 통해서 받고 있습니다. <a href=""https://www.aftertherain.kr/community.php"">https://www.aftertherain.kr/community.php</a>이쪽에 질문을 남겨주시면 전문의 분들의 답변을 받으실 수 있습니다! (양동주PD)",의학채널 비온뒤,20211108T02:52:48Z,Youtube,1
109,RaV1W8m4OmU,서울대병원,이야멋있다코라보꼴라쥬미술시간에대학교원희뭔일있었니?편지손편지에틀린글자강동진제이엠에스정명석과다정은석민관홍임종우수갑차면빼도박도못해,あ,20211107T14:08:14Z,Youtube,1
110,RaV1W8m4OmU,서울대병원,족보처럼,あ,20211107T13:42:15Z,Youtube,1
111,RaV1W8m4OmU,서울대병원,정몽구시진핑총리,あ,20211107T13:41:42Z,Youtube,1
112,RaV1W8m4OmU,서울대병원,허인순님!  저걸 한가지씩 따로따로 구입해야되나봐요??,이정숙,20211107T12:47:39Z,Youtube,0
113,RaV1W8m4OmU,서울대병원,홍박사님 치매안심센터 아무 도움안됩니다. 매일 물건이 없어지신다고 하셔서  어머니를 달래서 치매안심센터에 갔는데  인지장애가 있지만  큰 문제가 없다고 대수롭지 않게 진단하시는 바람에 어머니께서 치매아니라고 전문 병원가서 검사받을 필요 없다고  거부하시다 ...치매가 나날이 심해지셔서 결국.....손도 못쓰고 돌아가셨습니다 저는 치매안심센터는 아무 도움안되니 무조건 전문병원에 가시라고 권하고 싶습니다,Kang M.,20211106T08:09:52Z,Youtube,12
114,RaV1W8m4OmU,서울대병원,안타깝습니다 고인의 명복을 빌겠습니다,SBD,20211106T08:29:15Z,Youtube,4
115,RaV1W8m4OmU,서울대병원,안녕하세요 언제나 감사합니다 고맙습니다,금숙 김,20211106T08:02:24Z,Youtube,5
116,NfSKpSfQlW4,서울대병원,"* 타인을 비방하거나 욕설, 비속어, 차별적 내용, 신체적 비하 등의 불쾌감을 줄 수 있는 댓글은 무통보 삭제될 수 있습니다.* 단순 비난, 허위 사실 유포,  광고 등의 댓글은 무통보 삭제될 수 있습니다. * 의학적 질문에 답변을 드리지 않습니다.* 제공된 의학정보는 일반적인 사항으로 개개인의 특성을 반영하지 못합니다.",서울대병원tv,20211104T08:18:35Z,Youtube,0
117,NfSKpSfQlW4,서울대병원,은근 캐미가 좋습니다. 승연님.교수님 이름은 기억 안나네요....,홍석규,20211105T02:55:29Z,Youtube,0
118,NfSKpSfQlW4,서울대병원,새론 사람 응원합니다^^,정식 최,20211104T14:27:36Z,Youtube,0
119,NfSKpSfQlW4,서울대병원,좋은일만 가득하세요 ~⚘🎶🎼🎵💕,만덕,20211104T10:34:37Z,Youtube,0
120,NfSKpSfQlW4,서울대병원,참~ing~~~^^^,만덕,20211104T10:34:04Z,Youtube,0
121,NfSKpSfQlW4,서울대병원,똑순이 같이 예쁘고 사랑스러운 소녀 입니다 ~^^^💚💖💙⚘🌝🌞😀💕,만덕,20211104T10:31:53Z,Youtube,0
122,NfSKpSfQlW4,서울대병원,지식채널에도 가을 단풍이 찾아왔네요~계절감 있는 영상 잘 봤습니다ㅎㅎㅎ🍁🍂,챠니,20211104T07:46:12Z,Youtube,1
123,NfSKpSfQlW4,서울대병원,사회자가 안떠시고 잘하시네요!!,PD자이홍,20211104T07:17:01Z,Youtube,1
124,dhf3TmBpPZI,서울대병원,B,Sung Kim,20211108T02:42:30Z,Youtube,0
125,dhf3TmBpPZI,서울대병원,동원아 미친 엄마가 최고야 그렇게 살아 계모 다 그런 건 아니지만 다 소용 없더라,박완용,20211106T12:20:09Z,Youtube,2
126,dhf3TmBpPZI,서울대병원,동원군 친엄마가 두 아들을,XIANGJIN ZHENG,20211105T07:27:43Z,Youtube,4
127,dhf3TmBpPZI,서울대병원,잘 지켜주시기 바랍니다!,XIANGJIN ZHENG,20211105T07:28:38Z,Youtube,2
128,dhf3TmBpPZI,서울대병원,친모 사랑 어디 비아리요동원어머님두아들 함께하며 사세요ㅡ아직 동원 동현  친엄마진정한 ㅡ희생의사랑 필요합니다ㅡ,서옥순,20211105T01:53:00Z,Youtube,4
129,dhf3TmBpPZI,서울대병원,피약이친모이제나도두아들옆에서최선을다해서도봐주셔요친모가안전하고최고에요사랑으로안아주고행복하게같이살아요인제나도안전을위해서친모가최선입니다삐약이친모동생고같이행복하게살아요,김희자,20211104T21:55:30Z,Youtube,2
130,dhf3TmBpPZI,서울대병원,동원 친어머니 지금부터 두아들돌바주세요,정해 김,20211104T16:50:51Z,Youtube,4
131,dhf3TmBpPZI,서울대병원,친모만이 동원이안정을 찾을것 이다 지금이라도동원의 옆에서 최선을 다해 주시길 모친께부탁 합니다 이제라도 자식을위해 사셨음 합니다,박정연,20211104T14:27:28Z,Youtube,4
132,dhf3TmBpPZI,서울대병원,동원이가  똑바로 생각해야 한다~~  괴모는  괴모다~~다른  방송이  외모가  서울시에서  돌바준다한다니  얼마나 동원 가정에  불화가날아요?  친노가  두 아이를 돌바야하는데 괴모가본다하니  생모가얼마나  속이상할가  동원가정이  정말 걱정입니다  동원아  나를나의주신분은  가슴으로  아프단다  친부모님이  최고다  분별을잘하세요~~^^,김문진,20211104T08:14:09Z,Youtube,3
133,dhf3TmBpPZI,서울대병원,"동원이 친어머니 꼭 동원이를 직접 한집에서 살면서 지켜주세요가끔씩 와서 한번씩 만나는건 도움이 않됩니다두부모 모두 퍼렇게 살아 있으면서 어릴때도 두부모 모두 같이 있지앓아 외롭게 자랏는데 그때는 그래도 할아버지가 따뜻하게 돌봐 줬지만 지금은 혼자서 단독으로,,, 아직도 다름없이 외롭게 살게한다는건 부모로서 책임감을 너무 피면하는게 아닌가? 더우기 낫선 사람들 자주 집주위를 도는가하면  메니저한데도 폭행당하고 또 차타러 가다가 또 낫선 사람한데 폭행 당하고 교통 사고도 당하고 했는데도 두부모중 누구도 동원이를 자기가 직접 같이살며 메니저람 친히 하지 않으려 한다면 나중에 동원이한데 너무큰 누원을 남기는거 아니야? 애비는 결국 훗처가족이 동원이보다 더 중해서 메니저도 않하고 뭔 지가 큰회장인양 바쁘다고 꼴깞 하는지? 보아하니 친어머니가 꼭 동원이를 메니저도 하면서  지켜줘야지 애비는 그까짓 경호원을 안배한것을 크게나 지가 책임진것 처럼 친모와 큰소리치며  동원이한데 메니저도 못하게 가로 막으며 돌대갈 자존심을 세우고 돌아가는지?그리고 이렇게 날리판에도   훗처는 나서서 번개불 나게 동원이 폭행당한 대가를 지가 2억 가로채가며  동원이와 상의도없이? 훗처한데 빠저서 아들의 위험도 직접지가 곁에서 지켜주려 않하고 훗처는 앞에서 동원이의  피깞돈은 지가 챙기고 메니저는 여전히 또남을 쓰고 둔한 애비",선김,20211104T06:53:26Z,Youtube,3
134,dhf3TmBpPZI,서울대병원,동원이힘네세요ㆍ동원엄마가지금부터라도ㆍ두아이들을옆에서지켜주세요ㆍ동원이ㅡ화이팅ㆍ동원이화이팅,한춘순,20211104T06:48:35Z,Youtube,5
135,dhf3TmBpPZI,서울대병원,동원 엄마 지금부터라도 두아들옆에서  아들을잘보살펴주세,영옥 조,20211104T05:03:51Z,Youtube,6
136,dhf3TmBpPZI,서울대병원,제발부모가  한집웅아래서살며동원이챙기주시고도와주세요 제발요,김옥분,20211104T04:11:52Z,Youtube,6
137,CG70AWjUNno,서울대병원,정말 유익한 정보 어렵지 않게 쏙쏙 얻어가는 시간이였습니다. 진심으로 감사드립니다!!!,손준호,20211104T14:23:48Z,Youtube,9
138,CG70AWjUNno,서울대병원,신장질환이 아는 것같으면서도 아는 게 하나도 없었네요 ㅠㅠ,jh i,20211108T07:45:48Z,Youtube,0
139,CG70AWjUNno,서울대병원,"* 타인을 비방하거나 욕설, 비속어, 차별적 내용, 신체적 비하 등의 불쾌감을 줄 수 있는 댓글은 무통보 삭제될 수 있습니다.* 단순 비난, 허위 사실 유포,  광고 등의 댓글은 무통보 삭제될 수 있습니다. * 의학적 질문에 답변을 드리지 않습니다.* 제공된 의학정보는 일반적인 사항으로 개개인의 특성을 반영하지 못합니다.",서울대병원tv,20211104T08:19:29Z,Youtube,0
140,CG70AWjUNno,서울대병원,손준호님 진행 정말 잘하시네여 위트도 넘치시고 ㅎㅎ,JiSeong Kim,20211103T21:59:22Z,Youtube,1
141,CG70AWjUNno,서울대병원,겁난다 난 건강검진 한번 해본적이 없는데,이나라,20211103T16:05:45Z,Youtube,0
142,CG70AWjUNno,서울대병원,쏘현밴님 덕분에 공부하고 갑니다!!ㅎㅎ,장혜승,20211103T13:48:27Z,Youtube,0
143,CG70AWjUNno,서울대병원,두 선생님의 쉬운 설명 감사드립니다!!!,김소은,20211103T12:43:32Z,Youtube,0
144,CG70AWjUNno,서울대병원,형이에요~ 😂,Yoon,20211103T11:07:21Z,Youtube,1
145,CG70AWjUNno,서울대병원,감사합니다♥️,sohyunsofiakim,20211103T11:04:26Z,Youtube,12
146,CG70AWjUNno,서울대병원,감사합니다,한나,20211103T10:20:41Z,Youtube,0
147,CG70AWjUNno,서울대병원,나의 신장은 정말 몇점 일지 ~^^?,만덕,20211103T07:53:16Z,Youtube,1
148,CG70AWjUNno,서울대병원,김소연씨 반갑습니다 ~남동생이 서울대 의사이군요~신체 기증을 했습니다 만 대기자들이 정말 많은 것 같습니다 ~?,만덕,20211103T07:51:21Z,Youtube,1
149,vvqffrPc6uY,서울대병원,"* 타인을 비방하거나 욕설, 비속어, 차별적 내용, 신체적 비하 등의 불쾌감을 줄 수 있는 댓글은 무통보 삭제될 수 있습니다.* 단순 비난, 허위 사실 유포,  광고 등의 댓글은 무통보 삭제될 수 있습니다. * 의학적 질문에 답변을 드리지 않습니다.* 제공된 의학정보는 일반적인 사항으로 개개인의 특성을 반영하지 못합니다.",서울대병원tv,20211103T04:56:10Z,Youtube,0
150,vvqffrPc6uY,서울대병원,"안녕하세요 🍒박지은 교수님과 🍒제작진분들 🙏.- 가성치매 : 치매는 아니지만, 치매와 같은 증상이 나타나는 것.- 우울증과 치매를 구분하기 위해서는 인지기능 검사와 뇌 영상 검사(MRI)를 함.그중에서도 가장 중요한 것이 &quot;인지기능이 어떻게 나빠져 왔는가?&quot;이다. - 치매를 일으키는 주원인 : 신경퇴행성 질환(80%, 알츠하이머)- 퇴행성 치매 :   • 오랜 시간에 걸쳐 서서히 기억력이 나빠짐.  • 과거 기억력(2,3년 전인 오래 전 것과 작년과 올해의 것 )을 물어봐야 함.- 우울증 환자   • 갑자기 기억력 저하.  • 기분 상태에 따라 기억력 변화  • 의욕하락  • 식욕부진  • 불면  • 신체증상 : 몸이 여기저기 아픔, 무기력, 소화불량, 가슴 답답함.- 노년기 우울증은 치매 진행 가능성 때문에 치료가 중요함.- 인지기능 변화 여부를 꾸준히 관찰하는 것이 중요함.  노년기 우울증 중에서   1. 우울증이 젊은 나이에 발생해 노년기까지 지속되는 경우   2. 중년기 이후 우울증 발생 : 특히, 경과를 잘 관찰해야 함.    이 경우는 뇌의 퇴행성 변화가 동반될 가능성이 높음.- 알츠하이머 같은 신경퇴행성 질환의 경우는 인지기능 문제가 뚜렷하게 나타나기 전부터 우울 증상이 먼저 나타날 수 있음.- 우울증 초기부터 인지기능 문제가 동반된 경우, 우울 증상은 좋아졌으나 기억력이 나빠진 경우, 우울증 약물 치료 반응이 좋지 않았던 경우에는 아직 드러나지 않은 신경퇴행성 질환이 동반될 가능성이 있음.&quot;일상 활동 안 하는 것인가? 못하는 것인가?&quot; 구별하기.- 치매는 예방이 중요함. - 우울증 치료는 치매 예방에 중요함.- 경도인지장애의 경우 우울증상이 있으면 빠르게 치매가 진행됨.- 우울증 치료 받고 있는 경우는 치료 꼭 받고 인지기능 체크를 꼭 받을 것.몸 건강 잃고 극심한 우울증을 겪어봤기에 이 영상 몇번 반복적으로 들었습니다. 기억력이 우울증 앓기 전과 너무도 차이가 있기에 신경이 쓰이고 있거든요. 많이 도움되네요.고맙습니다 🙏. 💗",오영도,20211103T05:26:06Z,Youtube,0
151,vvqffrPc6uY,서울대병원,좋은하루 보내세요 ~⚘🌝🌞😀🌈~☕🍂🍁,만덕,20211103T04:05:52Z,Youtube,0
152,vvqffrPc6uY,서울대병원,감사합니다 잘 배우고 갑니다~,Hyunsoo Lee,20211103T03:02:20Z,Youtube,0
153,4-im_htZprA,서울대병원,민호님 건강잘챈게야 합니다 민호님 힘내세요 민호님 짱,화순 김,20211105T13:06:42Z,Youtube,0
154,4-im_htZprA,서울대병원,장민호님ㆍ너무착한ㆍ사람~감사합니다~건행하세요^^,이기수,20211102T15:13:12Z,Youtube,3
155,4-im_htZprA,서울대병원,민호님 건강조심하세요 민호님공인이시니까요민호님 짱입니다,고연실연실,20211101T22:56:38Z,Youtube,7
156,-iLGF7RCG3I,서울대병원,그짖뉴스듣지마세요,류음전,20211102T23:26:18Z,Youtube,0
157,-iLGF7RCG3I,서울대병원,천만다행입니다아프지마세요 항상 응원합니다 건행^^,승자 고,20211101T07:30:25Z,Youtube,0
158,-iLGF7RCG3I,서울대병원,어머님과영웅씨두분건강하시다니다행입니다항상모자분건행,채진남,20211101T07:29:24Z,Youtube,1
159,-iLGF7RCG3I,서울대병원,"영웅님의 일거수 일투족을 이렇게 낱낱이 ,,,휴!~ 방귀도 마음놓고 못 뀌것다,,,이러지 않아도 되는데,,,",heorabi해오라비,20211101T03:15:28Z,Youtube,1
160,-iLGF7RCG3I,서울대병원,쌤  맞는댓글감사합니다.짱. 👍 👍 👏 👏,선 혜,20211101T22:40:26Z,Youtube,0
161,-iLGF7RCG3I,서울대병원,다행입니다항상 행곡과건강 챙기시길 바랍니다 나의히어로💓,김기순,20211101T03:11:47Z,Youtube,0
162,-iLGF7RCG3I,서울대병원,두분건강에별이상없다니천만다행입니다.제발건강하고행복하게사십시요.영웅님감성적인콘서트기대되요.하이팅.,정성희,20211101T00:27:03Z,Youtube,2
163,UcuxTO6G2hc,서울대병원,로제님 영상 보니까 맛있는거 많이 드시네요 부러워요~,김진영,20211102T00:59:57Z,Youtube,0
164,UcuxTO6G2hc,서울대병원,로제님 맛있는거 많이 드시네요 부럽습니다,김진영,20211102T00:58:58Z,Youtube,0
165,UcuxTO6G2hc,서울대병원,안녕하세요! 제 영상을 봐 주셔서 감사합니다☺️혹시 궁금하신 점 있으면 댓글 자유롭게 남겨주세요,노이로제NoeyRosé,20211031T15:20:33Z,Youtube,2
166,yQrTDFvjlTw,서울대병원,"* 타인을 비방하거나 욕설, 비속어, 차별적 내용, 신체적 비하 등의 불쾌감을 줄 수 있는 댓글은 무통보 삭제될 수 있습니다.* 단순 비난, 허위 사실 유포,  광고 등의 댓글은 무통보 삭제될 수 있습니다. * 의학적 질문에 답변을 드리지 않습니다.* 제공된 의학정보는 일반적인 사항으로 개개인의 특성을 반영하지 못합니다.",서울대병원tv,20211031T00:01:16Z,Youtube,0
167,yQrTDFvjlTw,서울대병원,얼마전 양평 카포레에서 김유현작가님의 작품을 보았는데 한국고유의 전통문양을 이용한 작품을 감상했는데 이런 작품 전시하면 좋을것같습니다.한국고유의 문양과 기와가. 좋아서 추천하고싶습니다.,홍석규,20211104T00:29:58Z,Youtube,1
168,yQrTDFvjlTw,서울대병원,대단히 잘봤습니다.,Kale,20211031T12:16:06Z,Youtube,0
169,yQrTDFvjlTw,서울대병원,진짜 많은 일을 하시네요.. 이 영상도 직접 편집하신 건 아니겠죠ㅎㅎ,Minju Kim,20211031T06:43:15Z,Youtube,0
170,yQrTDFvjlTw,서울대병원,서울대 병원의 보물입니다 ~☕🍂🍁~👍,만덕,20211031T00:49:31Z,Youtube,1
171,yQrTDFvjlTw,서울대병원,So beauty cute ~이승연양의 건승을 기원합니다 ~오늘도 좋은시간 보내세요 ~💚💖💙💛💜~⚘🌝🌞😀🌈,만덕,20211031T00:45:01Z,Youtube,1
172,yQrTDFvjlTw,서울대병원,매력만점 신입직원이네요 나도 홍보팀에서 일해보고싶다ㅠㅠ부러워요,챠니,20211031T00:36:05Z,Youtube,4
173,yQrTDFvjlTw,서울대병원,멋지네요,호호하하,20211031T00:35:35Z,Youtube,3
174,yQrTDFvjlTw,서울대병원,"안녕하세요 서울대병원 홍보팀 🍒이승연 님 🙏.일도 잘 하시고,개인만을 위한 취미도 하시고,완전 반전의 취미에 더 멋져 보였어요.고맙습니다 🙏. 💗",오영도,20211031T00:22:14Z,Youtube,4
175,yQrTDFvjlTw,서울대병원,잘 봤습니다. 홧팅~^^,좋은아침,20211031T00:17:56Z,Youtube,1
176,yQrTDFvjlTw,서울대병원,열정!열정!열정!,PD자이홍,20211031T00:05:04Z,Youtube,3
177,-pMrGCtTI6g,서울대병원,우리민호님 어쩌면 이러ㅗ게마음이 이름다을까 감탄해요,최춘자,20211101T06:32:18Z,Youtube,1
178,-pMrGCtTI6g,서울대병원,착한사람이네요  민호씨,김율생,20211101T04:49:50Z,Youtube,1
179,-pMrGCtTI6g,서울대병원,민호님 언린이을 구해으면 그어린이는 운이조은거요 민호님 사랑해유,화순 김,20211101T02:54:11Z,Youtube,1
180,-pMrGCtTI6g,서울대병원,민호님참큰일하셌네요장민호님은항상인성좋고배려심많기로유명하죠감사하네요콘서트및예능하랴힘들텐대항상건강챙기세요,이재월,20211031T23:05:04Z,Youtube,1
181,-pMrGCtTI6g,서울대병원,장민호 님 인성 고운  트롯신사 응원합니다,산골향,20211031T14:05:06Z,Youtube,1
182,-pMrGCtTI6g,서울대병원,역시 장민호 님  최고이십니다^^^받은 만큼 베풀어주시는  울민호님  늘사랑하고  응원하고 감사합니다,경애,20211031T12:47:01Z,Youtube,1
183,-pMrGCtTI6g,서울대병원,장민호 님  훌륭하십니다존경합니다,모스 코스,20211031T10:29:05Z,Youtube,2
184,-pMrGCtTI6g,서울대병원,"우리,민호님,항상,응원합니다",필영 김,20211031T09:06:07Z,Youtube,4
185,-pMrGCtTI6g,서울대병원,장민호님 심장병 어린이 구원해주셔서 초고에 솀 멋쟁이 정말 멋진탑 최고 선행 대박 최고,박종애,20211031T08:31:01Z,Youtube,4
186,-pMrGCtTI6g,서울대병원,민호님 정말 좋은 소식 감사 합니다 따뜻한 마음이 최고 입니다 항상 열 응원 합니다 💞💞💞,성순자,20211031T06:09:01Z,Youtube,6
187,-pMrGCtTI6g,서울대병원,장민호니은참어떴게그런맘이들까민호니은어느나라에서온걸까신같은존재ᆢ,이재월,20211031T05:55:44Z,Youtube,5
188,-pMrGCtTI6g,서울대병원,장민호님 민호님 심장 환자의 훌륭한 분이네요 후원으로 수술을 받았습니다 민호님 존경합니다 건강 챙겨주세요 꽃길만 걸어 주셔서 감사합니다 🌸💕💛🤗😊☺🌸💕💛대박나세요 축하드려요,구정희,20211031T04:37:52Z,Youtube,7
189,-pMrGCtTI6g,서울대병원,민호님 정말 한생명을구했군요멋져요,고연실연실,20211031T03:29:10Z,Youtube,8
190,-pMrGCtTI6g,서울대병원,역시역시 울 민호님 고맙고 감사 합니다,박갑연,20211031T02:19:06Z,Youtube,9
191,-pMrGCtTI6g,서울대병원,장민호씨증말좋은소식입니다사랑합니다,김순자,20211031T02:08:57Z,Youtube,9
192,gjoPVmBuun8,서울대병원,ㅡㅡㅡ33,이옥산,20211101T13:55:50Z,Youtube,1
193,gjoPVmBuun8,서울대병원,희망을 절대 잇지 마시고요 희망을 많이 가지세요 울 옆에는요 허경영 삼삼정책 꼭 들어보시고요 주위에 잇는분들 많이많이 알리세요 정치인들 울 세금을 70프로 뜯어 먹고 잇습니다 노예로 피땀을 빨아먹고 잇습니다 허경영 인기는요 유명한 가수들 유명한 개그맨들 유명한 정치인들 전세계에서  20대  애들이  전화  와서요 대통령 나오시면은 지금 정치인들 보다  100나은  애들  무보수 정치를 하겠다고 난리가 났습니다 나라가  다 망해가고 잇습니다 지금 애들 어느많이 똑똑 한지요 왜  대통령 감옥에 다  엿고요 정치인들 다 감옥에 가두어  넣어야  됍니다  대한민국 서민들 정신을 똑바로 차리시고요  똘똘 뭉쳐서 허경영 투표를 해야  대한민국 살릴수  잇습니다 허경영 대통령 돼셔서 2달안에 양쪽완화  4000조를 해서  배당금 18세부터  150만   65세는  220만  죽을때까지 줄수도 잇습니다 코로나 지원금  18세부터  다  1억씩  주신다고  합니다 허경영 삼삼정책 정인태 교수님 유튜브 강연 꼭 들어보시고요 힘내세요 대한민국 서민들 들고 일어나야 나라가 삽니다  대한민국 여러국민들  영원한 팬입니다 하늘만큼 땅만큼 사랑합니다 영원히 허경영 허경영 허경영 만세 만세 만만세 호ㅑ팅e,신성화,20211101T11:56:00Z,Youtube,0
194,gjoPVmBuun8,서울대병원,지나가라고 만든길을 왜 못지나가게 막고 자유를 침해하는거지 ㅋㅋㅋㅋ어이가 없네..,봉봉,20211101T08:28:53Z,Youtube,1
195,gjoPVmBuun8,서울대병원,오메  빙빙님 말씀 넘 잘하신다 정말 사이다다 역시 짱이다 방송넘 잘하세요...속이다 후련하네,북극곰,20211031T11:58:29Z,Youtube,2
196,gjoPVmBuun8,서울대병원,넘방송잘하셔요속이다시원해요,송 금,20211030T19:24:34Z,Youtube,4
197,gjoPVmBuun8,서울대병원,빙빙 출근,정옥순,20211030T12:23:12Z,Youtube,3
198,w2abnXUS6r8,서울대병원,"더 많은 비디오보기☞<a href=""https://www.youtube.com/watch?v=U3JP9IHntDc&amp;list=PLFcLRN50ZID8Oz_1jCtmocaqdAAqVp-OU&amp;index=3"">https://www.youtube.com/watch?v=U3JP9IHntDc&amp;list=PLFcLRN50ZID8Oz_1jCtmocaqdAAqVp-OU&amp;index=3</a>",이찬원,20211102T03:58:03Z,Youtube,2
199,w2abnXUS6r8,서울대병원,찬원님응원합니다건강하십시요하이팅하세요,김금례,20211110T04:10:04Z,Youtube,0
200,w2abnXUS6r8,서울대병원,이찬원님정말조은일많이하시네요노래도가창력이풍부하고정말노래도잘하시고좋은일도많이하시고,정해선,20211109T22:36:06Z,Youtube,0
201,w2abnXUS6r8,서울대병원,202십2년도에도좋언노래많이들려주세요건행,정해선,20211109T22:41:55Z,Youtube,0
202,w2abnXUS6r8,서울대병원,찬원님 노래부터 인성까지 감동이내요 건강 조심하시고 좋은노래 많이 불러주세요 찬원님  홧팅~♡,인기순,20211102T02:58:55Z,Youtube,1
203,w2abnXUS6r8,서울대병원,찬원님 응원합니딘,김한순,20211102T02:28:31Z,Youtube,1
204,w2abnXUS6r8,서울대병원,확실해?삼류 소설쓰지마,kie,20211030T02:22:29Z,Youtube,4
205,w2abnXUS6r8,서울대병원,착한 마음 ~~~      이찬원씨  파이팅!               찬원씨도 건강 조심하시구요.,심영옥,20211030T01:33:43Z,Youtube,3
206,w2abnXUS6r8,서울대병원,찬원님의 착한마음은 우리모두 본받아 온세상이 다밝았으면 하네요.,조한숙,20211029T22:32:54Z,Youtube,3
207,w2abnXUS6r8,서울대병원,이찬원씨 행동에 정말감동 또 감동입니다.,윤,20211029T22:31:18Z,Youtube,4
208,w2abnXUS6r8,서울대병원,찬원님착해서모두가사랑해요항상사랑하고더우기몸조심하세요화이팅,도점술,20211029T21:14:04Z,Youtube,3
209,w2abnXUS6r8,서울대병원,무엇보다 가정 교육이 가장 중요합니다 찬윈이가 그런 사람......!,김재홍,20211029T20:51:20Z,Youtube,3
210,w2abnXUS6r8,서울대병원,얼마나 늘랬을,이영자,20211029T14:54:36Z,Youtube,4
211,w2abnXUS6r8,서울대병원,대단한이찬원최고 어디서나별처럼빛나길,문순덕,20211029T12:53:00Z,Youtube,5
212,w2abnXUS6r8,서울대병원,역시이찬원 이찬원최고👍👍👍,yushan Cai,20211029T11:58:56Z,Youtube,8
213,w2abnXUS6r8,서울대병원,이찬원가수 대단합니다 최고입니다 이찬원가수늘응원합니다,김순이,20211029T11:57:18Z,Youtube,6
214,w2abnXUS6r8,서울대병원,찬원님. 너무.너무.착해요.대박나세요.잘될거에요.화이핑.사랑해요.너무.항상.건강하세요.,FUSHAN PIAO,20211029T11:49:41Z,Youtube,7
215,w2abnXUS6r8,서울대병원,찬원님 훌륭합니다,이영희,20211029T11:23:22Z,Youtube,6
216,w2abnXUS6r8,서울대병원,찬원님 최고 항상 착해서 존중하고 감사합니다 항상 건강 조심하세요 신곡 평생 응원할게요 👍🙏🏼🙏🏼🙏🏼🙏🏼🙏🏼,강다정,20211029T10:50:57Z,Youtube,12
217,w2abnXUS6r8,서울대병원,"이찬원씨 20대 청년이 어쩌면~~~ 찐짜로 대단하고 존경합니다~~~ 봉시정신도 투철하고~~~ 찬또 볼수록 미남이고 노래도 잘하고 ~~~ 👍 👍 👍 👍 👍 사랑합니다,",장명자,20211029T10:30:51Z,Youtube,10
218,w2abnXUS6r8,서울대병원,우리찬원씨최고요최고사랑합니다😍😍😍❤❤❤😍😍😍❤❤❤💞💞💞😍😍😍💝💝💞💞💞💞💞💞💞💞💞💞,전연화,20211029T10:01:42Z,Youtube,13
219,w2abnXUS6r8,서울대병원,이찬원~~~ 🎉 💕 😍 💗 😘 최고 최고 👍 💕 😍,이현자,20211029T09:57:01Z,Youtube,10
220,AlpYHuLu1JE,서울대병원,국민장인데   정부에서 넘 소흘한거  아니야  !!,18k,20211105T07:57:37Z,Youtube,0
221,AlpYHuLu1JE,서울대병원,극낙 왕생하소서각하님이시요,김혜순,20211104T13:11:24Z,Youtube,0
222,AlpYHuLu1JE,서울대병원,삼가 고인의 명복을 빕니다극락왕생하소서,박진숙,20211101T07:18:47Z,Youtube,0
223,AlpYHuLu1JE,서울대병원,고인의  명복을 빕니다 희망을 절대 잇지 마시고요 희망을 많이 가지세요 울 옆에는요 허경영 삼삼정책 꼭 들어보시고요 주위에 잇는분들 많이많이 알리세요 정치인들 울 세금을 70프로 뜯어 먹고 잇습니다 노예로 피땀을 빨아먹고 잇습니다 허경영 인기는요 유명한 가수들 유명한 개그맨들 유명한 정치인들 전세계에서  20대  애들이  전화  와서요 대통령 나오시면은 지금 정치인들 보다  100나은  애들  무보수 정치를 하겠다고 난리가 났습니다 나라가  다 망해가고 잇습니다 지금 애들 어느많이 똑똑 한지요 왜  대통령 감옥에 다  엿고요 정치인들 다 감옥에 가두어  넣어야  됍니다  대한민국 서민들 정신을 똑바로 차리시고요  똘똘 뭉쳐서 허경영 투표를 해야  대한민국 살릴수  잇습니다 허경영 대통령 돼셔서 2달안에 양쪽완화  4000조를 해서  배당금 18세부터  150만   65세는  220만  죽을때까지 줄수도 잇습니다 코로나 지원금  18세부터  다  1억씩  주신다고  합니다 허경영 삼삼정책 정인태 교수님 유튜브 강연 꼭 들어보시고요 힘내세요 대한민국 서민들 들고 일어나야 나라가 삽니다  대한민국 여러국민들  영원한 팬입니다 하늘만큼 땅만큼 사랑합니다 영원히 허경영 허경영 허경영 만세 만세 만만세 호ㅑ팅wq,신성화,20211101T00:45:31Z,Youtube,0
224,AlpYHuLu1JE,서울대병원,하늘에서는아프지마세요,김선옥,20211031T01:17:37Z,Youtube,0
225,AlpYHuLu1JE,서울대병원,극낙왕생하세요,김선옥,20211031T01:15:31Z,Youtube,0
226,AlpYHuLu1JE,서울대병원,훌륭했습니다인품이 아주 좋은분입니다대한민국역사상 굵직한성과는박정희 이승만 다음으로공히 큽니다자녀분들도 하나같이 착한분들입니다대구명문가출신인 김옥숙여사님도어진분이었고 지적인미모인였지요천박하고 못된 김영삼의 행태가 어린아이였다고 육성으로남겼습니다,Great J,20211030T19:28:26Z,Youtube,1
227,AlpYHuLu1JE,서울대병원,민주당 개쓰레기들  어쩜 인간성 더럽다  이런것들 젙대정치 못하게해야한다 니편내편  좋아하는것들 국민을 편가르면 정치하지말라 자격없다 삘갱이 행태다,김재인,20211030T10:35:18Z,Youtube,0
228,AlpYHuLu1JE,서울대병원,그만하십이요..역대 대통령 누가 국민을 위해 나라를위해 하셨나요..대한민군 망조 압니까????나라돈 그만 쓰세요..코로나로 일반인을 장내아닌 장내를 차륵니다....그만하시요...뮐 잘해게 있다고..호상이네...ㅊ기름갑 아시시요.나라위해,あべこうじ{유이짱},20211030T06:09:42Z,Youtube,1
229,AlpYHuLu1JE,서울대병원,지금은 살기 좋은지 ?,박영자,20211030T21:27:56Z,Youtube,0
230,AlpYHuLu1JE,서울대병원,미믿 기름갑들 아끼시요..뭘 잘해ㅣㅆ다고..한심.대한민국 중국.북한...🔪🔪🔪🔪🔪🔪🔪🔪🔪🔪🔪🔪🔪,あべこうじ{유이짱},20211030T06:16:28Z,Youtube,0
231,AlpYHuLu1JE,서울대병원,국가 내란죄 김씨 사형수가 대통령님 하시고 동작동 호국영령  묘지조성  교도소 5~18유공자  경개 대통령님께서 나라 망해먹고 동작동 호국영령 묘지조성   문재인 5~18유령탑 돌명패  묘지조성  완장 달았습니다,4ㅐ활동,20211030T03:09:08Z,Youtube,1
232,AlpYHuLu1JE,서울대병원,군부 쿠데타와 민주 세월호  쿠데타  헬기탈령병 탈레반 양심  광주 전두환대통령님 여단장 표창 양제동반란 대게문  동문회  5~18유령탑  진상  지울수없는 돌명패 진합군 문재인 간첩단 가짜유공자 해적부대 이해골 흥진호 미스터리 무궁화호 무인카메라 시스템 고장 들통   세월호 유가족분들 앞세우고 쿠데타  빨치산  남로당 좌익 혁명당 삿갓전씨  청와대  정문 방패 앞잡이 말바우시장 가상조직 오절짜리 전단지 길거리마다 살포 1월14일 대법원 서울가는중 버스 휴게소 좌변기 위에 신문 곳곳마다 만세운동 우리가 이겼습니다  들통났습니다   영광고창 쌀뜸물 농악대 선두 깃발  아리랑행진  1중대   국민 바다속으로 베트남  공산월맹당,4ㅐ활동,20211030T03:02:27Z,Youtube,0
233,AlpYHuLu1JE,서울대병원,좌파들의 방해는 절대반대다 사람이 명명오고 이느국기냐 대사냐 손학규 왔다 여기가 공산당이냐 조원진 목소리 같은데좌파들은 공산당 이면서 공산당같아고 제입으로 싫토 하는군장례식장에세 목욕주는 저인간사람이길 포기한 인간이라 할수없지,최길자,20211030T02:09:22Z,Youtube,0
234,AlpYHuLu1JE,서울대병원,노태우 대통령님 임기시절 살기좋와는데 천국가심에 삼가고인의 몀복을빕니다 가족에게도 위로 의 말씀 드립니다 주님밖에 없습니다 수고 많으셨습니다,최길자,20211030T02:01:21Z,Youtube,4
235,AlpYHuLu1JE,서울대병원,극락왕생 하실거에요 나무아미타불 🙏🙏🙏,굿모닝,20211031T04:32:26Z,Youtube,0
236,AlpYHuLu1JE,서울대병원,나라를 사랑 하셨지요  부디 천국 가셔서 평안 하소서 하나님 유가족 위로 하여 주소서........,이진남,20211030T02:00:50Z,Youtube,2
237,AlpYHuLu1JE,서울대병원,극락왕생 하실거에요 나무아미타불 🙏🙏🙏,굿모닝,20211031T04:33:12Z,Youtube,0
238,AlpYHuLu1JE,서울대병원,고인되신 노태우 대통령은 님명복을 빕니다,김천순,20211030T01:01:58Z,Youtube,2
239,AlpYHuLu1JE,서울대병원,"참, 말많은사람, 김빠진맥주 ㅎㅎㅎ",짱!언제나 젊음,20211030T00:27:27Z,Youtube,0
240,AlpYHuLu1JE,서울대병원,파파존ty님 소생많으 십니다 여기산청에도 달이 떠러졌어요 대표님도 다녀 갔여요,오영삼,20211029T20:24:24Z,Youtube,4
241,AlpYHuLu1JE,서울대병원,노태우대통령각하 시절엔 열심히 살면 꿈을 이룰수 있는 살기좋은 나라 였습니다 고인에 명복을 빕니다,Ki Dong Jung,20211029T17:00:07Z,Youtube,15
242,AlpYHuLu1JE,서울대병원,"<a href=""https://www.youtube.com/watch?v=AlpYHuLu1JE&amp;t=45m19s"">45:19</a> SK 최철원씨네",봉봉,20211029T11:17:26Z,Youtube,10
243,AlpYHuLu1JE,서울대병원,존재감도 없는 손학규씨?,임종승,20211029T11:10:10Z,Youtube,11
244,AlpYHuLu1JE,서울대병원,그래도 문상 참배하신것만해도  가정교육 잘 받은자손이십니다!!,다홍꽃다홍,20211029T13:24:32Z,Youtube,9
245,AlpYHuLu1JE,서울대병원,가짜 좌파 대통령은 조문 왔어나요,김희곤,20211029T10:51:43Z,Youtube,1
246,AlpYHuLu1JE,서울대병원,자손들도.아버님이가신천국에가실수있도록.예수님.꼭믿으시길기도드리며삼가고인의명복을비니다.우리조국대한민국을사랑하셨던.대통령님.존경하고사랑합니다.,한나,20211029T09:56:17Z,Youtube,28
247,AlpYHuLu1JE,서울대병원,극락왕생 하실거예요 나무아미타불 🙏🙏🙏,굿모닝,20211031T04:31:19Z,Youtube,0
248,AlpYHuLu1JE,서울대병원,파파존 TV 수고하십니다,난공불락,20211029T09:36:20Z,Youtube,25
249,AlpYHuLu1JE,서울대병원,독재정권 하에서 기자가 다 무엇하는 인간들인가 초상 집이나 찾는 기자새끼들 독재정권 부정선거 부정투개표  앞잡이이다,박흥서,20211029T09:32:05Z,Youtube,1
250,li8ZlndzIGA,서울대병원,군사구태타독재정치  개  ㅆ ㄹ ㄱ,정정환석,20211027T17:59:20Z,Youtube,0
251,li8ZlndzIGA,서울대병원,왕멧돼지를 때려 잡아야 되는데...,Jae Wan집가고파,20211027T03:32:51Z,Youtube,1
252,li8ZlndzIGA,서울대병원,아 국가적 죄인이 국가장으로 치뤄지는 대단한나라.. 바뀌어도 똑같고  이러니  박근혜 탄핵때 구테타가 모의되는거지...어떤인간은 전두환을 존경한다고 유족들의 겨우 아물어가는 상처를 또 후벼되고  이게 나라냐!,이효희,20211027T02:44:41Z,Youtube,0
253,li8ZlndzIGA,서울대병원,갔어도 벌써 갔어야 할 X이 욕을 많이 쳐먹어서 그런가?  오래갔네.,Beta Forever,20211027T02:24:44Z,Youtube,1
254,li8ZlndzIGA,서울대병원,쿠데타 하면서 소리소문없이 사라진 사람들은 얼마나 많을까,Nasa Nasa,20211027T01:49:38Z,Youtube,1
255,li8ZlndzIGA,서울대병원,쿠데타하면서 조폭들이 안설치게 한게 누구네,김순희,20211027T03:32:06Z,Youtube,0
256,li8ZlndzIGA,서울대병원,평생살고 평생 잘살줄알았지.이젠 불지옥.불기름에 튀길시간만 남은거다.,신민아,20211027T01:47:17Z,Youtube,3
257,li8ZlndzIGA,서울대병원,ㅋㅋ,김순희,20211027T03:32:15Z,Youtube,0
258,li8ZlndzIGA,서울대병원,나라를 걱정하는 마음 으로.  대통령 후보 허경영 은  준비 되어 있었다.,korea butterfly,20211027T01:09:35Z,Youtube,1
259,li8ZlndzIGA,서울대병원,이새기 지금쯩 기름에 튀겨지고있음.,when tomorrows come,20211027T00:55:59Z,Youtube,3
260,li8ZlndzIGA,서울대병원,누가 조문을 가냐,알베르또,20211027T00:54:33Z,Youtube,2
261,li8ZlndzIGA,서울대병원,해온 짓에 비하면 너무 곱게 갔어..,진수 문,20211027T00:51:35Z,Youtube,4
262,vCYY4LmbQi0,서울대병원,뉴스앵커놈은 손가락이개지랄하네. 연봉 1억씩이나받아쳐먹으니  손까락이 부끄러운가.,조규하,20211027T15:20:55Z,Youtube,0
263,vCYY4LmbQi0,서울대병원,박정희.노태우에 너도나도 눈도장 찍는 국힘은 아직도 독재시대의 맛을 잊지 않고 있는 것 같네 절대 권력을 주지 말아야한다.,김의성,20211027T10:30:48Z,Youtube,0
264,vCYY4LmbQi0,서울대병원,군사정권 살인마에게 국장이라니.. 모든국민 억압하고 죽인 전두한 일파의 2인자 에게 국장이라니..,김의성,20211027T10:27:52Z,Youtube,0
265,vCYY4LmbQi0,서울대병원,"범죄자 노태우는 반성한 것 같진 않지만,  🍎는 했고 🐕한테 주지도 않았다...추징금은 안 낼려고 개기다, 마지못해 내긴 다냈다...&quot;우리가 남이가? 우리 문디편찍어~ 범죄자여도 찍어~&quot;라며 만들어낸적폐당 국짐 전신이 만들어냈던 대통령 범죄자들이얼마나 썩어 빠졌으면 형식적으로라도 사과라도 했다고 칭찬을 하냐?그래도 남는 장사했네? 자식들 떵떵거리고 사니...이러니 아직도 &#39;범죄의 짐&#39; 당에 벌레들이 득실거리지...전두환,노태우 범죄자 대법원 판결 범죄명	&quot;반란수괴·반란모의참여·반란중요임무종사·불법진퇴·지휘관계엄지역수소이탈·	상관살해·상관살해미수·초병살해·내란수괴·내란모의참여·내란중요임무종사·	내란목적살인·특정범죄가중처벌 등에 관한 법률위반(뇌물)&quot;〈전직대통령예우에관한법률〉에 의거 전두환, 노태우는 기본적인 경호 이외의 전직 대통령에 대한 예우를 박탈당했다.",kkangsooji,20211027T09:58:02Z,Youtube,0
266,vCYY4LmbQi0,서울대병원,전대갈 꼬붕이~~~~~~~ 전대갈은 안뒤지니?????,jiyong kim,20211027T07:08:19Z,Youtube,0
267,vCYY4LmbQi0,서울대병원,두환이도 곳 간다지옥에서 만나라,권장덕,20211027T07:06:35Z,Youtube,0
268,vCYY4LmbQi0,서울대병원,전땅크랑 같이 뒤지지,붕어,20211027T07:03:26Z,Youtube,0
269,vCYY4LmbQi0,서울대병원,저런 인간 조문가는 인간 아직도 있나,Taehwan Kil,20211027T06:45:00Z,Youtube,0
270,vCYY4LmbQi0,서울대병원,지옥에서 환영받으실 겁니다!,Q Wise,20211027T06:32:22Z,Youtube,0
271,vCYY4LmbQi0,서울대병원,사과하면 끝이냐 ㅋㅋ군사정권때 억울한피해자만수천명이다 거기에딸린가족고통따지면수만명이고,빡쇼,20211027T05:32:03Z,Youtube,1
272,vCYY4LmbQi0,서울대병원,오래 살았네,나오미,20211026T23:40:21Z,Youtube,4
273,vCYY4LmbQi0,서울대병원,바람이다 프로야 보아라바람 한마리 악마도결국 죽는거야  인생 누구도 죽음은 피할수 없다   프로 니는 현충원 갈수 없는거야  너 군인으로서 나라를 지키는 희생을 해보았어전두환 대통령 노태우 대통령 나라를   지키는 희생을  수많은 날을 했다  니도 현충원에 죽어서 가고 싶으면 나라를 위한 희생을 해보아 최소한도 뉴스에 나오는 나라를 위하여 희생을 했다는 뉴스가 한번이라도 나와보아,최순옥,20211026T23:33:33Z,Youtube,2
274,vCYY4LmbQi0,서울대병원,대선 투표권 행사를 할수 있는  국민들의 표심도 의식해야해서 정치인 조문도 눈치볼듯,정크랫,20211026T23:04:51Z,Youtube,4
275,vCYY4LmbQi0,서울대병원,악마도 결국 죽는구나. 세월에 장사 없다. 한 마리 남았네. 이 것들은 누리호에 실어서 지구에서 추방하자,바람이다,20211026T22:51:04Z,Youtube,3
276,vCYY4LmbQi0,서울대병원,그러게 청와대에서 방빼자마자 누리호실어서 보내야지,David,20211026T22:52:15Z,Youtube,2
277,vCYY4LmbQi0,서울대병원,🙏🙏🙏,양씨형,20211026T22:43:32Z,Youtube,2
278,vCYY4LmbQi0,서울대병원,현충원은 막아야 됩니다,프로,20211026T22:26:30Z,Youtube,9
279,vCYY4LmbQi0,서울대병원,영면하시길요,Heart Orse.,20211026T22:22:26Z,Youtube,3
280,vCYY4LmbQi0,서울대병원,노태우 시신을 동물원에 사료로 줘라,임병섭,20211026T22:19:07Z,Youtube,0
281,M0pwqlQp-ws,서울대병원,욕많이 먹으면  장수 한다,벌꿀오소리,20211027T00:55:38Z,Youtube,0
282,M0pwqlQp-ws,서울대병원,고인의명복을 빕니다,Alex Yim,20211026T20:42:46Z,Youtube,1
283,M0pwqlQp-ws,서울대병원,몇살인데 암수술까지 하고 오래도 살았구먼,유권자,20211026T20:33:34Z,Youtube,1
284,M0pwqlQp-ws,서울대병원,알지,김철호,20211026T20:26:00Z,Youtube,0
285,wS3SDd2WJhc,서울대병원,광주는 역시 대단하네누구는되고 누구는 참으로 안쓰럽구먼 광주위원들이여,종찬 이,20211027T02:08:29Z,Youtube,2
286,wS3SDd2WJhc,서울대병원,삼가 고인의 명복을빕니다,gjgdw,20211027T01:24:26Z,Youtube,0
287,wS3SDd2WJhc,서울대병원,앞잡이 대중이는갈자격있나,몽키통키,20211026T23:28:28Z,Youtube,1
288,wS3SDd2WJhc,서울대병원,휼륭한 대통령이였다!광주만 우리나라존재하나.ㅡ공과가있다예우를하라!,YS E,20211026T22:57:38Z,Youtube,1
289,wS3SDd2WJhc,서울대병원,잘죽었다   천국가서 곱게있거라,이신,20211026T21:36:47Z,Youtube,1
290,wS3SDd2WJhc,서울대병원,광주시민만 나거든 잘못 했다고 싹싹빌거라,이신,20211026T21:37:19Z,Youtube,0
291,wS3SDd2WJhc,서울대병원,88올림픽으로 이미지메이킹한 쿠테타2인자일뿐,perseus,20211026T18:24:51Z,Youtube,0
292,wS3SDd2WJhc,서울대병원,삼가 고인의 명복을 빕니다,연순 한,20211026T18:19:37Z,Youtube,3
293,wS3SDd2WJhc,서울대병원,삼가 고인의 명복을 빕니다,김병수,20211026T17:25:56Z,Youtube,4
294,wS3SDd2WJhc,서울대병원,좌파들은 배려가 없더라,네모,20211026T17:23:16Z,Youtube,0
295,wS3SDd2WJhc,서울대병원,무슨과오?? 왜 좌파들에게 말려들어가는지 한심하다,June H,20211026T15:23:14Z,Youtube,8
296,wS3SDd2WJhc,서울대병원,광주 사는게 뭐 그리 대단하다고!광주 광주 노래를 부르는지!광주 한테 잘못 보이면아무것도 못하겠네!지들 한건 다 잘했고지들 피해 입으면국가 유공자고그잘난 518  유공자들 명단 한번보자정말 유공자로 선정될 사람이고국민들 혈세 거두어서보상금인지 배상금인지 줄만한 사람인지!언제부터 대한민국이광주 눈치보며  살게되었는가?,수영김ᅮ,20211026T15:00:08Z,Youtube,12
297,wS3SDd2WJhc,서울대병원,빙고👍👍👍광주광주  ㅜ절레~ 절레~😡😡😡,Young,20211026T16:55:31Z,Youtube,3
298,wS3SDd2WJhc,서울대병원,그러니까요. 김대중 노무현이 뭘잘했나요? 특히 노무현은 뇌물드시고 돌아가신분 아닌가요? 그런데 노무현정신 이어받자 하더군요. 뇌물받는정신을 말하는건지..,June H,20211026T15:25:41Z,Youtube,4
299,wS3SDd2WJhc,서울대병원,노통명복을빕니다,오윤환,20211026T14:52:09Z,Youtube,5
300,wS3SDd2WJhc,서울대병원,노대통령님  고인의 명복을 빕니다.,shin k,20211026T14:44:21Z,Youtube,12
301,wS3SDd2WJhc,서울대병원,삼가 고인의 명복을 빕니다 🙏 유언이 뜻 깊습니다..,호두순,20211026T14:31:17Z,Youtube,15
302,wS3SDd2WJhc,서울대병원,우리나라 노태우 대통령님고인의  명복을밥나다,안계자,20211026T14:27:13Z,Youtube,20
303,wS3SDd2WJhc,서울대병원,고노태우대통령님명복을빕니다,목련화,20211026T14:26:06Z,Youtube,20
304,wS3SDd2WJhc,서울대병원,고인에 명복을 빕니다,조사불어,20211026T14:17:57Z,Youtube,18
305,wS3SDd2WJhc,서울대병원,고인의 명복을 빕니다!,eunyoung park,20211026T14:15:10Z,Youtube,16
306,wS3SDd2WJhc,서울대병원,1992년 대선때 분명 김대중 찍었을 것 같다,최요한,20211026T14:09:30Z,Youtube,2
307,wS3SDd2WJhc,서울대병원,과오를  쳐하지말든가  애냐 ?,훈 정,20211026T14:08:14Z,Youtube,1
308,wS3SDd2WJhc,서울대병원,머중이도 파내라.,*발칙한딸기,20211026T14:03:06Z,Youtube,8
309,wS3SDd2WJhc,서울대병원,"어찌하랴 용서할 수 없는 죄인 것을, 국민에게 총뿌리 겨눈 죄, 그냥 편히 가시라",Ji-Hun Chang,20211026T13:59:23Z,Youtube,2
310,wS3SDd2WJhc,서울대병원,대한민국역대대통령들다~ 공과 사가 있는거ㅇㅋ!!~!!!😡😡😡,Young,20211026T16:57:17Z,Youtube,0
311,wS3SDd2WJhc,서울대병원,어휴 ㅉ,호두순,20211026T14:30:12Z,Youtube,3
312,wS3SDd2WJhc,서울대병원,뇌물현한테 가라,목련화,20211026T14:25:24Z,Youtube,5
313,AFnmbuhOZT4,서울대병원,노소영님힘내세요 고인의명복을빕니다,진짜김정은사망선거조작간첩,20211026T16:33:09Z,Youtube,1
314,AFnmbuhOZT4,서울대병원,방법은 잘못 되었으나 결과는 나쁘지  않음의도는 좋았지만 결과는 서민들의 고생함 가중. 진짜 세상은 알 수 없는 신비,냐옹냐옹,20211026T14:55:28Z,Youtube,0
315,AFnmbuhOZT4,서울대병원,삼가 고인의 명복을 빕니다.,오뚜기,20211026T13:46:59Z,Youtube,1
316,AFnmbuhOZT4,서울대병원,알지,김철호,20211026T13:27:42Z,Youtube,0
317,E93FgFx6lfo,서울대병원,경축 5.18 1212쿠테타 주범 노태우사망전두한은 언제 죽냐,양정효,20211031T01:25:28Z,Youtube,1
318,E93FgFx6lfo,서울대병원,조국과 민족에게 죄를 지어서                  무기징역형을 받은 노태우 ~ 무기 징,김종석,20211030T12:23:20Z,Youtube,0
319,E93FgFx6lfo,서울대병원,노 태우 전대통령 사위가 SK그룹 최 태원회장,박지훈,20211030T06:20:32Z,Youtube,0
320,E93FgFx6lfo,서울대병원,노태우 전대통령 잘가시고 광주 학살 사건도 있었지만 한국을 성장하게 한것도많음 잘가소서,종합게임유튜버(KOERS),20211029T13:44:29Z,Youtube,0
321,E93FgFx6lfo,서울대병원,🐕  니 아들이 사과한다고면죄부를 받을 수 있냐?,임진호,20211028T13:17:39Z,Youtube,0
322,E93FgFx6lfo,서울대병원,예전에 사형으로 뒤질놈들인데   김대중이가원망스럽다,신동원,20211028T08:34:05Z,Youtube,0
323,E93FgFx6lfo,서울대병원,노태우 대통령 서거라고 해야합니다.그리고 역사를 깊이 알지도 못하고 바른 말 할 용기도 없는 언론이 전두환 대통령 노태우 대통령의 공과를 논하는 것도 격에 맞지 않습니다.,Lucky Power,20211028T08:12:06Z,Youtube,0
324,E93FgFx6lfo,서울대병원,노태우는   죽을때  웃었겠지만전두환은   죽을  때   비명소리가   들리네요~~^^*자업자득,장희경,20211028T04:32:15Z,Youtube,0
325,E93FgFx6lfo,서울대병원,"파주 장지까지 준비했다는데,,, 어제 국가장 5일로 치른다는 것은 대통령, 국무총리가 경상도 출신이라고, 경상도 놈들끼리 온갖 짓을 짜고, 518 계엄령으로 광주시민 죽이는 합작극이었고, 같이 광주 시민 머리필름 공중분해 시켜, 나눠먹었다는 결론!! 518 계엄령 4주동자며, 한통속으로 핏줄, 명줄 ㅡ유전자, 머리필름, 기운 나눠먹은 거지,도둑놈,창녀,살인마귀 집단들 어서 죽어라, 빨리 죽어라, 함께 죽어라, 모두 죽어라, 당장 죽어라☠️",임정미,20211028T01:14:39Z,Youtube,0
326,E93FgFx6lfo,서울대병원,국가장이라니ㅠㅠ이런데 쓰라구 세금내는거아닌데ㅠㅠ,매탄고,20211028T00:35:49Z,Youtube,0
327,E93FgFx6lfo,서울대병원,과거에 잘못을 인정한다면  생전에  본인이 직접 국민들에게 사과를 해야 하는거 아닌가  벙어리 ?,이명호,20211027T23:28:33Z,Youtube,0
328,E93FgFx6lfo,서울대병원,하나회 놈들의 자식들 재산도 몰수해야 한다 전두환 노태우 놈과 하나회가 해먹은 돈은 상상을 못한다기업과 학원재단까지 빼앗은게 얼마인지..국민중에 그런 내용 모르는 사람들이 대다수다 밝혀져야 한다,독도지킴이,20211027T21:52:45Z,Youtube,1
329,E93FgFx6lfo,서울대병원,반란의 수괴를 국가장? 그리고 평가는 피해당사자가 하는것이지 문재인 등 정치인들 니들이 하는게 아니다,정재영,20211027T21:48:51Z,Youtube,2
330,E93FgFx6lfo,서울대병원,5.18 피해자분도 조문가서 노태우 용서한다고했는데,신영민,20211028T10:02:31Z,Youtube,0
331,E93FgFx6lfo,서울대병원,잘나도가는구나,김홍카콜라,20211027T19:50:28Z,Youtube,0
332,E93FgFx6lfo,서울대병원,나쁜일하면벌받느다.언젠가,son kaebong,20211027T17:40:18Z,Youtube,0
333,E93FgFx6lfo,서울대병원,뭘나쁜일했음?,D I kaminus,20211030T07:54:42Z,Youtube,0
334,E93FgFx6lfo,서울대병원,잘죽었다 이제 전대가리차례임,진레전드,20211027T15:36:04Z,Youtube,0
335,E93FgFx6lfo,서울대병원,죽은사람한테 머라고 하는건지?예의 자체가 없네 기본이 안대있고..떠러따 잡늠들......,INK PARK tintas y tóners,20211027T15:28:29Z,Youtube,0
336,E93FgFx6lfo,서울대병원,수많은 양민을 학살한 역모쿠테타의 주역이 무슨 국가장.잘못을 빌었다고?진정 회개한다면 역모쿠테타와 광주학살의 진상을 밝히고 갔어야지.그저 지 자식들걱정에 회개한척 한거로 밖에 안보인다.,지구촌,20211027T14:31:42Z,Youtube,0
337,E93FgFx6lfo,서울대병원,전라폭도들이양민이냐 이새끼야,문재앙사형,20211027T23:49:14Z,Youtube,0
338,E93FgFx6lfo,서울대병원,"오만방자했던 의대생들에게 재시험응시의 특혜를 주고, 부자라서 삼성 이재용에게 가석방의 특혜를 주고, 국민을 억압했던 노태우에게 국가장의 특혜를 주고..이것이 공정합니까?.",윤종원,20211027T14:31:24Z,Youtube,0
339,E93FgFx6lfo,서울대병원,근데 그래도 대통령했던 사람인데 사망이라고 하는게 좀...보통 서거라고 하지 않나?,네모,20211027T13:55:44Z,Youtube,5
340,E93FgFx6lfo,서울대병원,전두환도 조밀간 따라갈듯,경제적 자유,20211027T13:29:41Z,Youtube,0
341,E93FgFx6lfo,서울대병원,국민장을 한다고 하는데...난 반대일세...현정부는 문 생각인 걸까!!,프린스,20211027T12:58:53Z,Youtube,0
342,E93FgFx6lfo,서울대병원,범죄와의 전쟁,R .M.T,20211027T12:26:32Z,Youtube,0
343,E93FgFx6lfo,서울대병원,"노무현은 서거고,, 노태우는 사망이냐;;;",CHANG LEE,20211027T12:07:34Z,Youtube,0
344,E93FgFx6lfo,서울대병원,개새끼들아 예우를 해야지 참 민족이 뭐냐 나또한 ..그래도 ..,이영락,20211027T10:45:03Z,Youtube,0
345,E93FgFx6lfo,서울대병원,천성이 착한사람 노태우대통령  고인의 명복을빕니다,차바른,20211027T09:41:37Z,Youtube,11
346,E93FgFx6lfo,서울대병원,착하긴그당시 노씨는 물태우로 부렸어전씨 똘만이.전씨나 노씨나 자연사는 사치지,임진호,20211028T13:20:37Z,Youtube,0
347,E93FgFx6lfo,서울대병원,인심쓰는척  국가장  안하면 야박하다고 표잃을까봐 장지는 파주로   잔머리굴리네,차바른,20211027T09:40:36Z,Youtube,0
348,E93FgFx6lfo,서울대병원,"범죄자 노태우는 반성한것 같진 않지만,  🍎는 했고 🐕한테 주지도 않았다...추징금은 안 낼려고 개기다, 마지못해 내긴 다냈다...&quot;우리가 남이가? 우리 문디편찍어~ 범죄자여도 찍어~&quot;라며 만들어낸적폐당 국짐 전신이 만들어냈던 대통령 범죄자들이얼마나 썩어빠졌으면 형식적으로라도 사과라도 했다고 칭찬을 하냐?",kkangsooji,20211027T09:35:47Z,Youtube,0
349,E93FgFx6lfo,서울대병원,"전두환,노태우 범죄자 대법원 판결 범죄명	&quot;반란수괴·반란모의참여·반란중요임무종사·불법진퇴·지휘관계엄지역수소이탈·	상관살해·상관살해미수·초병살해·내란수괴·내란모의참여·내란중요임무종사·	내란목적살인·특정범죄가중처벌 등에 관한 법률위반(뇌물)&quot;〈전직대통령예우에관한법률〉에 의거 전두환, 노태우는 기본적인 경호 이외의 전직 대통령에 대한 예우를 박탈당했다.",kkangsooji,20211027T09:35:54Z,Youtube,0
350,E93FgFx6lfo,서울대병원,으히하하하ㅏ하하하하히히히히ㅣ히히히ㅣ히히히ㅣ히ㅣㅣ히히히ㅣㅣ,곳감,20211027T09:22:46Z,Youtube,0
351,E93FgFx6lfo,서울대병원,전두환 씨 ㅋㅋㅋㅋㅋㅋㅋㅋㅋㅋㅋ,이주혁,20211027T09:13:09Z,Youtube,0
352,E93FgFx6lfo,서울대병원,"노소영  대단합니다 인내    사랑합니다 요즘젊은 여성들  본받아라, 쉽게 이혼도장 찍지말고  잘못은 최태원 바란핀 사람, 한테있다 고노태우 대통령 명복을빕니다",권옥순,20211027T08:41:33Z,Youtube,9
353,E93FgFx6lfo,서울대병원,이젠 두환이가 민주화하시다가 죽은신분앞에 기서 처맞아라,hi park,20211027T08:33:40Z,Youtube,0
354,E93FgFx6lfo,서울대병원,윈조 노짱 드디어 갔노 이제 두화니만 남았다,자러갑시다,20211027T08:19:59Z,Youtube,0
355,E93FgFx6lfo,서울대병원,삼가 고인의 명복을 빕니다...,연근이,20211027T07:57:14Z,Youtube,0
356,E93FgFx6lfo,서울대병원,삼가 고인의명복을빕니다.,홍준표팬계정,20211027T07:36:07Z,Youtube,1
357,E93FgFx6lfo,서울대병원,오래도 살았네 개새들,김대호,20211027T07:17:30Z,Youtube,0
358,E93FgFx6lfo,서울대병원,댓글대부분전라개돼지들이네,문재앙사형,20211027T06:58:19Z,Youtube,0
359,E93FgFx6lfo,서울대병원,범죄없는 대한민국을 만들어주신 노태우 대통령님...이제는 전과자가 대통령후보로 나가는 당과 시대가 왔습니다...,붐붐,20211027T06:28:46Z,Youtube,3
360,E93FgFx6lfo,서울대병원,노태우전대통령님께 명복을빌겠습니다,빅터,20211027T06:14:00Z,Youtube,4
361,E93FgFx6lfo,서울대병원,국화꽃 한송이 제대로 놓지도 못하는구먼.화환의 방향을 왜 보지 못하고 꽃한송이를 거꾸로 놓는지 참.,암나를 살린 자연식단,20211027T06:09:16Z,Youtube,2
362,E93FgFx6lfo,서울대병원,전씨도 조만간 친구따라~~강남가즈아,김동훈,20211027T06:03:32Z,Youtube,1
363,E93FgFx6lfo,서울대병원,개 씨팔 전직대통령이 돌아가셨는데 사망이 뭐냐 별세라는 단어를 냅두고 ㅉㅉ,Chrome Youtube,20211027T05:25:13Z,Youtube,0
364,E93FgFx6lfo,서울대병원,대통령 예우가박탈됐는데 국가세금으로 장례는 용납할수없다.국가장도 안되고 현충원으로 가는것도 절대반대한다.국민들을 죽이고 어떻게 죽어서 대통령대접을받으려하나 양심이 조금이라도있딘면 조용히 가라,갈치꽁치,20211027T05:18:04Z,Youtube,1
365,E93FgFx6lfo,서울대병원,단군이래최고로국민의피같은세금을빨아잡순도둑놈을조문한다는게말이되냐?이게나라냐?국장?미친거냐?정치인이이렇게도둑놈에게조문을하니미래세대가무엇을배우겠느냐?,ji won Park,20211027T05:17:55Z,Youtube,1
366,E93FgFx6lfo,서울대병원,노태우 전 대통령이 잘못한거: 한중수교. 고인의 명복을 빕니다.,중간이_좋단다,20211027T04:25:54Z,Youtube,6
367,E93FgFx6lfo,서울대병원,더있죠 1212 군사쿠데타,이장곤,20211027T18:08:49Z,Youtube,2
368,E93FgFx6lfo,서울대병원,"야웨(여호와)의 명령 으로 살육된 90만 5천 154명의 기록1. 야웨(여호와)의 명령 으로 살육된 90만 5천 154명의 기록, (성경 전체 내용)*아이성을 점령 시키고 1만 2천명을 살해 하였고, [여호수아 8장 24절]*가나안과 브리스 사람을 넘겨 주어 1만명 살육, [사사기 1장 4절]​*베냐멘 사람 2만5천100명이 살해 되었고, [사사기 20장 35절]*유대인을 시켜 이스라엘의 정예병 50만을 살육한 후 여호와(Jehovah)는 변덕을 부려반대로 유태와 에로파안을 공격하게 하였음으로 에로파안은 그 공격으로 죽고 말았다,*&lt;아수영&gt;에서 18만 5천명을 죽이고... 18만 5천명 살육,​*유대인들이 자신을 섬기지 않고 신상을 만들자 3천명 살해, [출애굽기 32장 27-28절]*나답과 아비후가 여호와 에게 올리는 불을 잘못 올려서 산채로 2명 태워 죽이고,[레10장,1-3절]*한 여인의 아들이 여호와를 저주하자 돌로 쳐죽이게 하였다, [레24장10-15절] 1명 살육​*안식일에 일하는 남자를 여호와의 명령으로 돌로 쳐 죽임, [민수기 15장 32-35절] 1명 살육*백성들이 불평 하자 전염병을 내려 1만4천700명을 죽임, [민수기 16장 49절]*유대인이 모압 여자와 자고 그들의 神에게 제사 하자 염병을 퍼트려 2만4천명을 죽였다[민25장,9절]​*다윗이 인구 조사를 하자 분노하여 전염병으로 7만명을 죽이고, [사.하24장15절]*삼손을시켜 블레셋 사람1천30명을 쳐 죽였는데 숫자가 확인 안된 것은 얼마인지 모른다[사,기15,15절]*고라가 모세와 불화 하자 여호와가 진노하여 고라의 모든 백성을 삼켜 죽이고, [민16장, 31절]​*여호와에게 분향 하는 사람 250명을 태워 죽였다. [민수기 16장 34-35절]*벧세미스 사람이 하나님의 궤를 들여다 보자 분노하여 5만70명을 살해, [사무엘상 6장19절]​*여호와의 궤를 싣고 가던 소가 뛰자 붙잡아준 웃사를 상(償)대신 쳐 죽였다, [사.하6장1-7절]*아이들이 엘리사를 놀렸다고 곰두 마리를 보내어 어린아이 42명을 찢어 죽임,[열왕기하2-24절]​​2. 야훼(여호와)에 의해 &quot;살육&quot; 되었으나 명확한 숫자를 기입하지 않은 살육!*노아의 홍수로 전 지구상의 생축을 다 죽였다, [창세기] 싹스리 살육,*애굽의 처음 난 아들(長子)을 남김 없이 살해, [출애굽기 12장 29절] 맏아들 싹스리 살육,​*여호와의 영광을 위하여 애굽의 병사를 바다에 빠뜨려 싹스리 살육 [출애굽기14장 27-28절]*헤스본왕 시혼을 공격하여 시혼 백성 싹스리 살육, [신명기2장 32-35절]​*하나님이 아모리인 에게 우박을 내려 백성을 살해 하였는데 &quot;칼에 죽은 자보다 우박에 죽은자가 더 많더라&quot; 하였으며 [여호수아 10장 11절] 아모리인 칼과 우박 살육,​*유대인을 시켜서 립나를 쳐서 립나 백성 싹스리 살육, [여호수아 10장 30절]*&lt;하솔&gt;을 쳐서 그 성읍에 호흡이 있는자 하솔백성 싹스리 살육 [여호수아12장 13-15절]*여호와가 명령하여 미디안을 시켜 자기들끼리 미디안 골육상쟁 유도 살육 [사사기 7장 22절]​​*암몬과 모압을 격살하여 남김 없이 다 죽이고 하나도 남기지 아니하였다 [역대하20장22-24절]*이유는 분명치 않으나 여호와가 분노 청년, 남녀와 노인 싹슬이+산자는 노예 살육 [역,하36장17-20절]*불레셋이 여호와의 궤를 옮기자 분노하여 쳐죽이고 궤 옮긴자 싹슬이 살육 [사무엘상5장8-12절]*배고프면 먹으 려고 메추라기를 먹은자 싹스리 살육. [민수기 11장 32-33절]​*백성들이 여호와에게 불평을 하자 불뱀을 보내여 물어 죽이게 하였다 [민21장 5-6절],./*길르앗 사람이 하나님의 총회에 불참하자 진노하여 모든 사람과 어린아이를 칼로 진멸하여남김없이 살해하였다, [사사기 21장 8-11절] 길르앗 싹슬이 살육",예수,20211027T04:23:52Z,Youtube,1
369,E93FgFx6lfo,서울대병원,노태우 대통령은 전두환 하고는 질적으로 성격이 다르다국가장 환영한다벌금도 냈고 본인이나 노재헌 아들까지 깊이 반성하고 있고6.29 선언도 했고 재임 중에 외교를 비롯해서 많은 일을 했다반대만 능사가 아니고 고인의 명복을 깊이 빌어드려야 합니다,정안:시음정tv,20211027T04:13:57Z,Youtube,8
370,E93FgFx6lfo,서울대병원,범죄와의 전쟁으로 조폭종식한거 잘하셨는데.지금2021년 범죄는 더 흉악하고  살벌하고 더 악랄한데 누가 지금범죄는 종식하나요?,김상희,20211027T04:10:46Z,Youtube,2
371,E93FgFx6lfo,서울대병원,노무현대통령때 국장으로 치뤄졌나요?,김상희,20211027T04:06:10Z,Youtube,0
372,E93FgFx6lfo,서울대병원,아무리 돈많고고급차 끌고 다니고예쁜 여자들과 오입질을 많이 해도늙으면 다 저 세상으로 가는것~!인생 참!허무하다~ㅠ.ㅠ!그러기 전에 욕심 버리고좀더 착하고 성실하게 살아야 한다.,merten kim,20211027T03:47:51Z,Youtube,6
373,E93FgFx6lfo,서울대병원,전두환 이 죽으면국립묘지 안장을 반대하는대규모 반대 시위가 일어날 거다~ㅋ그래도 죽기전에한번쯤 전두환 이가본인 입으로 직접 고백을 해야그동안 의 오해나 불신이조금 이라도 해소가 될텐데...!,merten kim,20211027T03:44:13Z,Youtube,2
374,E93FgFx6lfo,서울대병원,좋아 ^---^!아주 좋아 ^-------^!,merten kim,20211027T03:40:47Z,Youtube,0
375,E93FgFx6lfo,서울대병원,왜 이딴 새끼가 국가장이야 미쳤나?,최상건,20211027T03:29:49Z,Youtube,0
376,E93FgFx6lfo,서울대병원,친구도 좀  데려가지,올크래프트 TV,20211027T03:19:39Z,Youtube,2
377,E93FgFx6lfo,서울대병원,"40년전 금남로에 잠입한 그 공수들은 ,  자신들은 오직  전, 노 두 대통령들  에게만 50억을 넘겼을 뿐이라며 ,   전능하신 여호와께 훼방하며 입을 벌려 &lt; 여호와 이 ㄱㅐ ㅆ발 보G년아 &gt;  외치며  ,  그 즉시 달려들어 화천대유를 급조하여  , 이한 총검으러 그 광주 아이들을 잔인하게 있는힘껏 쑤셔  찌ㅈ 밝혀 버리고, 그들의 대갈통을  깨ㅈ져 부스러뜨려 금남로 도로가를 검붉은 피로 흠뻑 적시는  신복지  이적을 만든거라 한다 코털 == 교회에 심어놓은 이단을 말한다고 한다 --&gt; 아직 교회뺏기도 완성된게 아니라는 주장이다ex 고구마 = 고령 박씨 = 10, 000 그 이단종파를 보수쪽에서 시작한거로 주장하고 있다",Dom Sang,20211027T02:39:44Z,Youtube,0
378,E93FgFx6lfo,서울대병원,서거를애도합니,김화남,20211027T02:24:40Z,Youtube,0
379,E93FgFx6lfo,서울대병원,그래도 노태우는 국립묘지는 안됩니다전두환이하고 똑같은 공범입니다만약에 국장이나 국립묘지안장은 국민을 모독하는거고역사책에 페이지를 더럽힐가능성은 불을보듯 뻔합니다,김금태tv,20211027T01:55:34Z,Youtube,0
380,E93FgFx6lfo,서울대병원,ㄴㅇㅅ,ᄋᄋ,20211027T01:46:15Z,Youtube,0
381,E93FgFx6lfo,서울대병원,내란죄 뇌물죄로 전직 대통령 예우가 박탈됐늠데 왜 전 대통령이라는 호칭을 사용합니까? 전두환이 죽었을 때도 전 대통령이라고 부를 겁니까? 공영방송이라면 법을 지키세요.,홍성원,20211027T00:46:39Z,Youtube,0
382,E93FgFx6lfo,서울대병원,싫은사람이라고 예를 지키지 안지키는 무례한 댓글을 쓰는 당신 댓글 달기 10초만 생각하고 올려보세요.삼가 고인의 명복을 빕니다.,jin불멸의건담[체널사용안함],20211027T00:32:10Z,Youtube,1
383,E93FgFx6lfo,서울대병원,삼가 고인의 명복을 빕니다.,박상팔,20211026T23:15:05Z,Youtube,1
384,E93FgFx6lfo,서울대병원,노태우 전 대통령님굴곡 많은 한국 정치사에 말도 많고 탈도 많고 정치수준과 민주주의 불안정한 시기에 고생많으셨습니다 지난 역사를 되돌아보니 누가 누굴 욕하는것도 부질없는듯 합니다과거 우리모두가 부족했던 시기였으니까요 그나마 죄받고 옥고 치르고 추징금 납부하고 5.18 사과하는 의도로 부인과 아드님이 5.18묘역에  직접가서 사과하시고  그나마 정치인중 진정으로 사과하고 노력하셨습니다부디 영면하십시요 세금한푼 안내는 종교집단 코로나 시기에  단체로 모여서 지들 죄를 사죄받는다고  지들 천당가겠다고 코로나 퍼트리고 육갑을 떠는것들보다 ᆢ 벌어진 입이라고 노태우 대통령은 역사의 죄인 운운하며 뒤로는 온갖비리와 세금축내고 나라 곶간 도둑질하는 쥐새끼 같은 쓰레기 정치인보다ᆢ 친중 친북으로 중국공산당과 시진핑 그리고 김정은 김여정 똥구멍에 넙죽거리는것들보다ᆢ LH공사와 대장동비리 등등 엄청해쳐먹고 오리발 내미는 더럽고 추악한 놈들보다 ᆢ선거때만 되면 5.18 묘지와 현충원과 박정희 대통령 묘 .박정희 대통령 생가 찾아가 넙죽거리는 쓰레기 정치인 ᆢ쫌생이들 보다100배 낫습니다 흠결이 너무나도 컷지만  사죄하고 그만큼 벌받고 추징금 납부하고 그러한 정치인 없습니다 지 발바닥 지 똥구멍 냄새 안나는 놈들있을까요? 대한민국 정치인과 정치인을 쫏는 일부 쓰레기 국민들 내편 아니면 무작정 욕하고 씹어대고 . 내편이면 비리고 나발이고 덮어버리고 무작정지지하는 사이비 종교 집단 같은 많은 유권자들 그리고  언론.학계.종교계 공무원. 등등 모두다 그리 청렴하고 도덕적인가요?심각합니다 심각해요 다시 태어나시면 이나라 대통령 하지마시고  그냥 참 군인으로  명예를 지키시길삼가 고인에 명복을 빕니다,noh제임스,20211026T22:46:41Z,Youtube,1
385,E93FgFx6lfo,서울대병원,우리는 친구 아이가~?!ㅋㅋㅋ.......,merten kim,20211026T22:38:28Z,Youtube,0
386,E93FgFx6lfo,서울대병원,SK 제2의 창업주,포아트 TV,20211026T22:10:59Z,Youtube,1
387,E93FgFx6lfo,서울대병원,정권바뀌어서감옥들많이들들어가서푹썩기를ㅡ들ㅡ바랍니다,이봉섭,20211026T21:22:06Z,Youtube,0
388,E93FgFx6lfo,서울대병원,명복을빕니다ㆍ나라위해하신실도많아ㅡㅡ욕들그만해ㅡㅡㅡ똥냄새나는입으로들너네입에서나는똥냉새갇ㅓ더러워ㆍ영ㆍ야ㆍ포함해서ㅡ김대중이도잘한거뭣됴없어ㅡㅡㅡ북한에돈준거?자식놈들은잘키워놨드만ㅡ꺼지랑깨요,이봉섭,20211026T21:21:08Z,Youtube,0
389,E93FgFx6lfo,서울대병원,전라도새끼들은 자기들잘못은모르는종틐이죠,문재앙사형,20211028T00:02:56Z,Youtube,0
390,E93FgFx6lfo,서울대병원,노태우 집안 일가친척 대기업 겁박 해서 받은돈 가지고 집안끼리 친척간에 소송 재판 하고 돈가지고 싸우고 개판이다 모두 환수 국고로 환수 하라,이원준,20211026T20:48:02Z,Youtube,1
391,E93FgFx6lfo,서울대병원,12.12 구데타 주역 광주학살 주범 노태우 국가장 결사반대 국립묘지 절대 못간다,이원준,20211026T20:46:07Z,Youtube,1
392,E93FgFx6lfo,서울대병원,삼가 고인의 명복을 빕니다,노기옥,20211026T20:35:17Z,Youtube,1
393,E93FgFx6lfo,서울대병원,"멋진 분, 상선약수",불4818,20211026T20:06:27Z,Youtube,2
394,E93FgFx6lfo,서울대병원,노태우때가 지금 문재인때보다 살기 좋았어요 지금 2021년보다 80년대 후반 90년대 초반이 더 살기 좋았어요 88서울 올림픽도 성공적으로 개최했고 경제도 호황이었고 먹고살만해서 출산률도 높았고 자살자도 지금보다 적었고 저때는 노력을 하면 노력한거 만큼 오는게 있었음 노태우  정권이 사실 너무 저평가 받는거 같아 씁슬함,김경원,20211026T19:45:46Z,Youtube,5
395,E93FgFx6lfo,서울대병원,저런 ㅂㅅ같은 마인드를 아직도 가지고 있으니까 정치인들이 국민들을 아직도 개돼지로 보지 ㅂㅅ들..,파우스트,20211027T14:18:33Z,Youtube,0
396,E93FgFx6lfo,서울대병원,@Dennis Ritchie 경제가 있어야 살지 ㅋㅋ그래야 국민이 잘사니깐,유마 금요 2컷 만화,20211026T23:54:25Z,Youtube,2
397,E93FgFx6lfo,서울대병원,경제만 살면된다같은 소름돋는 소리하고있네 .. 그러면 파시즘 따라 가시지 ㅋㅋㅋ 윗동네로 가세요.,Dennis Ritchie,20211026T23:06:38Z,Youtube,0
398,E93FgFx6lfo,서울대병원,"노태우 대통령 할 때, 잘 한건 범죄와의 전쟁을 선포 해서, 우리나라에 야쿠자나, 삼합회 같은 조폭이 없게한 건 잘 한 것 같다.",아이즈원팬,20211026T19:27:36Z,Youtube,21
399,E93FgFx6lfo,서울대병원,삼청교육대에억울하게 끌려가 죽은사람들과 학살당한 광주시민들은 ?그게 잘한가냐?아무리 봐도 역모학살살인마의 죄악은 없어지지 않는다.,지구촌,20211028T00:25:10Z,Youtube,0
400,E93FgFx6lfo,서울대병원,"@Jae Moon 야쿠자 삼합회는 외국 조폭 세력들이지, 국제 pj파 ㅋㅋㅋㅋ 광주에서 노는 건달이랑 규모가 임마 비교가 되냐?",박찬민,20211027T17:04:29Z,Youtube,0
401,E93FgFx6lfo,서울대병원,@Jae Moon 너 급식이냐? ㅋㅋㅋㅋㅋ,박찬민,20211027T17:03:27Z,Youtube,0
402,E93FgFx6lfo,서울대병원,국제 pj파는?,Jae Moon,20211027T02:41:23Z,Youtube,1
403,E93FgFx6lfo,서울대병원,@Reze 범죄와의 전쟁 모르노?,박이름,20211027T01:18:09Z,Youtube,3
404,E93FgFx6lfo,서울대병원,"캬~ 탕탕절에 맞춘 역적 사망.1026은 나라의 정기가 정한 역적 처단의 날인갑다.이 역적 놈들이, 나라를 위해 힘쓴 노무현 대통령은 사망이라고 하고,나라의 고혈을 착취한 노태우는 별세라고 하니, 이 어찌 간사하지 않을쏘냐!?",오자서,20211026T19:13:26Z,Youtube,0
405,E93FgFx6lfo,서울대병원,냉정하게 애기해야지 대통령 박탈아님?게다가 5천억이상 해먹은 범죄자임저 사람때문에 밑에 넘들까지 해쳐먹은게그 때 당시의 수조원 인데다가공무원들 대기업들 부패까지 영향 끼친거지,Rm Kim,20211026T18:39:34Z,Youtube,0
406,E93FgFx6lfo,서울대병원,@은비똘똘이 이런 ㅂㅅ들은 어디서 나오나 몰라..,파우스트,20211027T14:13:14Z,Youtube,0
407,E93FgFx6lfo,서울대병원,그래두 과도 있지만 문재인 대통령 보다는 잘한것같습니다,호순이와 고순이 더꾸,20211026T22:47:35Z,Youtube,0
408,E93FgFx6lfo,서울대병원,냉정하게 얘기해서 저정도 죄값치르고 반성하고 벌금내고 하면 됐지. 대통령박탈은 무슨 대통령임기 다 끝냈는데.. 우리나라에서 온전한 대통령은 있긴 있나?? 노태우때 한국이 한국다운 마지막 때였다.. 새로운 시작의 한국의 교차점이고,은비똘똘이,20211026T19:08:35Z,Youtube,1
409,E93FgFx6lfo,서울대병원,"10-26은1909년 이토 히로부미 탕탕1979년 다카키마사오 박통 탕탕2021년 물태우 사망     ,     ,     , 탕탕절!",sahle,20211026T18:36:52Z,Youtube,4
410,E93FgFx6lfo,서울대병원,@이름없음 노무현은 5.23임,김영진,20211027T07:58:56Z,Youtube,0
411,E93FgFx6lfo,서울대병원,2009년 노무현 운지,이름없음,20211027T06:12:45Z,Youtube,0
412,E93FgFx6lfo,서울대병원,203333333333333331931년 전탱크 땅탕,김영진,20211026T22:33:00Z,Youtube,0
413,E93FgFx6lfo,서울대병원,사망? 전두환씨? 좌파천국!,날개,20211026T18:25:39Z,Youtube,0
414,E93FgFx6lfo,서울대병원,일본놈  못 쳐들어오게  국민들이  탱크 장갑차  사주고  이껀 밥ㅊ먹여 놨더니국민을향해  발포하고 공포분위기  잡더니  결국은 대통령 해ㅊ먹는게  목적였네  정승화 총장공관  사병들도억울하게 죽지않았냐?  하여간  지옥에서  지옥사자들이  기다리고 있을꺼다자신이지은  업보는 절대 못벗어나는 법이다  노씨  알아서 가,필로시아,20211026T18:04:51Z,Youtube,0
415,E93FgFx6lfo,서울대병원,"노태우는 그래도 직선제로 당선에 보통사람을 외치며 협치와 북방외교, 그리고 군사쿠테타와 광주 혁명의 사과, 추징금 완납까지 해서 노태우 &quot;전 대통령&quot; &quot;사망&quot; 이라고 나오지 (김영삼 때는 김영삼 &quot;전 대통령&quot; &quot;서거&quot;라고 했습니다) 전두환은 전두환 &quot;씨&quot; &quot;사망&quot;이라고 나와도 하나도 안 이상할 듯",주위,20211026T17:42:30Z,Youtube,1
416,E93FgFx6lfo,서울대병원,잘 죽었네...호상이네,YUN WOO KIM,20211026T17:39:02Z,Youtube,0
417,E93FgFx6lfo,서울대병원,노태우의 부동산 200만호 공급..,fxc fxsf,20211026T16:14:38Z,Youtube,0
418,E93FgFx6lfo,서울대병원,국가장 택도없다.오래도 살았다. 끝까지.사과도안하고 잘도가는구나.천국일지.지옥일지 잘 가시오,잘먹고잘살자,20211026T16:05:04Z,Youtube,2
419,E93FgFx6lfo,서울대병원,노태우 헨드폰 011  KT에안주고 자기딸 소영한테준그래서 오늘날 폰요금 비싸게 쓰고 살게해준 노씨 화장해서 쓰래기 통에 3만원주고 버리면 금인걸,최기원,20211026T15:52:38Z,Youtube,0
420,E93FgFx6lfo,서울대병원,누구는 다 뺏기고 사죄하고 투병으로 10년간 고생도 했는데 누구는 골프치고 기자한테 지랄하고 전재산 29만원ㅇㅈㄹㅋㅋ,SINYA's STORY,20211026T15:46:46Z,Youtube,33
421,E93FgFx6lfo,서울대병원,"어찌되었든 둘다 역모쿠테타 괴수고,야민학살살인마일뿐.",지구촌,20211028T00:26:20Z,Youtube,1
422,E93FgFx6lfo,서울대병원,요란한 세상 뒤돌아보지 마시고 편히쉬기를 🕊  84세  😎,Min-Ok Park,20211026T15:46:26Z,Youtube,0
423,E93FgFx6lfo,서울대병원,노태우씨 하늘나라에 가서도 아프지말고 행복하세요....ㅠㅠ,러블리앨리스,20211026T15:45:26Z,Youtube,1
424,E93FgFx6lfo,서울대병원,조문은 가야지...,그냥,20211026T15:41:03Z,Youtube,1
425,E93FgFx6lfo,서울대병원,"삼가 고인의 명복을 빕니다.과오는 있었지만, 대통령님의민주화의 기초 다지기, 북방외교를기억하겠읍니다.",양명호,20211026T15:38:27Z,Youtube,5
426,E93FgFx6lfo,서울대병원,오래 살다가셨네  죄값 생각하시면 ~전씨 노씨 끼리끼리,Ree 역지사지,20211026T15:38:14Z,Youtube,1
427,E93FgFx6lfo,서울대병원,ㅋㅋ말하는꼬라지,김순희,20211027T03:29:02Z,Youtube,0
428,E93FgFx6lfo,서울대병원,전두환 당신도 어서 가소더 구차하게 괴롭게 살지말고...,이복현,20211026T15:29:28Z,Youtube,28
429,E93FgFx6lfo,서울대병원,영욕의 세월   기구한 사람.대통령 안했으면 명예롭게 산 운명이었을 것을...전두환 때문에 망가진 운명.,이복현,20211026T15:28:23Z,Youtube,0
430,E93FgFx6lfo,서울대병원,"오래도 살았네 국민세금으로 좋은거 다 쳐묵구 살았것지, 전두환이도 대려가라~",jjw,20211026T15:22:56Z,Youtube,2
431,E93FgFx6lfo,서울대병원,예우 박탈인데 왜 전대통령이라고 부르나요,j elodie,20211026T15:19:30Z,Youtube,5
432,E93FgFx6lfo,서울대병원,예우만 박탈이지 (경호치료비용 지원 등) 호칭까지 박탈당한건 아니에요,임성,20211026T15:42:32Z,Youtube,6
433,E93FgFx6lfo,서울대병원,"호황기를 이끈 것은 잘했지만 중화민국(대만)을 버리고 중공과 수교한 것은 매우 아쉬웠다. 단교해도 미국, 일본처럼 친대만 노선을 유지했어야했다.",적록청국기단 - Regnostandardo Ruĝa-Verda-Blua,20211026T15:18:37Z,Youtube,3
434,E93FgFx6lfo,서울대병원,"북방외교,88올림픽 성공개최, 남북유엔동시가입 등 업적과 군사정권,5 18 가담 등 안좋은 행적이 양존하지만, 고인이 되신 것 잘 가시길 바랍니다.",hope,20211026T15:14:58Z,Youtube,8
435,E93FgFx6lfo,서울대병원,바로잡습니다노태우 전 대통령이 아니고노태우씨라고 해야죠,김진욱,20211026T15:12:10Z,Youtube,4
436,E93FgFx6lfo,서울대병원,걍 노씨라 해라… 역사는 후손이 평가한다…,정유렁,20211026T15:08:05Z,Youtube,1
437,E93FgFx6lfo,서울대병원,살인마ᆢ들~너희들만 엄청잘먹고 잘살고 국민들 일도 생각안하는것들~그많은 광주시민들 총살하고 ~국민세금돈 엄청갈취한 인간들 전두환도똑같은 인간~ 남의목숨 귀하고 소중한것을 ~저승가서 너희들이 총살한 시민들 닦갈이 노릇하길 빈다~퇴퇴퇴~ 호화호식한  🐕 같은 인간들 ~,여성금금이,20211026T15:07:45Z,Youtube,0
438,E93FgFx6lfo,서울대병원,국가장반대운동,신성민,20211026T15:01:05Z,Youtube,2
439,E93FgFx6lfo,서울대병원,ㅎㄷㄷ,치칸 100대면 40명 공약,20211026T14:44:00Z,Youtube,1
440,E93FgFx6lfo,서울대병원,어? 노씨였네,멜론,20211026T14:41:36Z,Youtube,0
441,E93FgFx6lfo,서울대병원,"근데 얘 이제 대통령 직위 자체가 사라지지 않았나? 전두환, 노태우는 전 대통령 호칭 안붙여주잖아.",김모씨,20211026T14:38:28Z,Youtube,0
442,E93FgFx6lfo,서울대병원,@임성 (대충 네이버 지식 정보글 엄지척하는 이모티콘 ),김모씨,20211026T16:40:37Z,Youtube,0
443,E93FgFx6lfo,서울대병원,"전직 대통령 예우에 관한 법률에 호칭 문제는 대상이아닙니다. 예우를 박탈당했지만, 13대 대통령이었던건은 사실이기에 그렇기 표현하는듯합니당",임성,20211026T15:03:59Z,Youtube,2
444,E93FgFx6lfo,서울대병원,"세월앞에는이길수없고.병마앞에도이길수없는게사람인것을.아픔없고고통없는곳에서.편히잠드세요내동생과청화대에서악수하던사진이아직남아있는데.제동생도.나이도젊은데.몇년전.암으로죽었답니다.대통령님에.명복을빕니다,",김정여,20211026T14:13:57Z,Youtube,0
445,E93FgFx6lfo,서울대병원,지금의 대한민국은 이분이 설계 하신거다이분은 조선의 태종 이방원 같은분이시지시대의 흐름은 어쩔수가 없는것이었다,한똘똘,20211026T14:08:56Z,Youtube,9
446,E93FgFx6lfo,서울대병원,@멜론  ㅅ,문준혁,20211027T15:20:30Z,Youtube,0
447,E93FgFx6lfo,서울대병원,살다살다 별 희한한 소리를 다 보네,Mano Yves,20211026T16:46:45Z,Youtube,0
448,E93FgFx6lfo,서울대병원,노태우가 설계했다구?? 지랄을 하네~ 노태우 뒤졌는데 넘 조용하다..이게 민심이다 쿠데타 더러운 종자들에 대한 심판이란 말이다.,진돗개초코,20211026T14:54:22Z,Youtube,0
449,E93FgFx6lfo,서울대병원,"출산율,부동산 문제의 원인",멜론,20211026T14:41:13Z,Youtube,0
450,E93FgFx6lfo,서울대병원,어쩌라구..명복을 빌어줄 마음이 안생기는데,강나비,20211026T14:05:04Z,Youtube,14
451,E93FgFx6lfo,서울대병원,ㄹㅇ,멜론,20211026T14:41:44Z,Youtube,0
452,E93FgFx6lfo,서울대병원,노씨는 그래도 아들이라도 대신 보내 용서라도 구했다만~전씨 일가는 호의호식 하며 지금도 버티고 있다. 이게 나라냐?,음주운전패가망신,20211026T14:04:50Z,Youtube,32
453,E93FgFx6lfo,서울대병원,@죽창개구리 죄값받는거지요..지옥갔습니다.,진돗개초코,20211028T15:04:28Z,Youtube,0
454,E93FgFx6lfo,서울대병원,@진돗개초코 식물인간인 상태였다네요...,죽창개구리,20211028T07:55:30Z,Youtube,0
455,E93FgFx6lfo,서울대병원,개새끼야 지금이게나라냐,문재앙사형,20211027T23:53:50Z,Youtube,0
456,E93FgFx6lfo,서울대병원,살아생전에 지가 갔어야 조,진돗개초코,20211026T23:02:29Z,Youtube,0
457,E93FgFx6lfo,서울대병원,앵커멘트 악담이 좀 심하다 ㅉㅉ,아가디르,20211026T14:02:26Z,Youtube,0
458,E93FgFx6lfo,서울대병원,보세요! 죽었죠!!누구나 꼭 죽는다는 것을 항상 염두하세요.,한요한,20211026T14:02:17Z,Youtube,2
459,E93FgFx6lfo,서울대병원,노태우 장군님 사랑합니다....ㅠㅠㅠㅠㅠ,방울토마토 버터스,20211026T13:59:13Z,Youtube,1
460,E93FgFx6lfo,서울대병원,잘가라~~~~ 돌아보지 말어라~~~~,showmethemoney,20211026T13:55:50Z,Youtube,2
461,E93FgFx6lfo,서울대병원,광주사태 12.12사태의 주축이라고하나 군부독재를 중화시키고 민간정권으로 전환하는데 큰역할을 하셨고. 범죄와의 전쟁으로 치안을 안정시켰고 북방과 동유럽외교정책으로 북한과의 체재경쟁에서 완벽하게 승리했다는 쐐기를 박아주시고 소련에게 밀린 채무를 받는 대신 미국에게도 꿀리지않는 방산기술 전수 불곰사업으로 자주국방의 토대를 마련해주고 그 기술로 이젠 해외수출로 외화를 벌게해주셨고 경제를 무난히 이끌었고 열심히 일하면 결혼도하고 집도 장만할수있다는 희망을 가질수있는 나라를 만들어주셨음. 고생하셨습니다. 편히가십시오,ROCKY BALBOA,20211026T13:54:54Z,Youtube,0
462,E93FgFx6lfo,서울대병원,개나 돼지나 대통령 하기 쉽다국민을 기만하고 많은 사람에게 상처주고 등등,John Kim,20211026T13:54:32Z,Youtube,1
463,E93FgFx6lfo,서울대병원,수백억 갖고있는(김남주 서장훈 )은 이쁘고? 노인네들 돈있는건 배때지가 그리 아프지  더러운종자들난 정치도 관심없고 대통령도 관심없지만 너희 노인들한테 막말하는 개만도 못한 종자들 천벌받길 빌겠다!,정희 서,20211026T13:51:29Z,Youtube,0
464,E93FgFx6lfo,서울대병원,쓰레기들이  너희들은 뭐 인간답게 살고있냐? 더런 인간들아대통령욕 숨어서 쓰기전에 니들이나 반성해라,정희 서,20211026T13:47:51Z,Youtube,0
465,E93FgFx6lfo,서울대병원,너처럼 살지는 않아 ㅋㅋㅋㅋ,v vmffksptl,20211028T17:39:59Z,Youtube,0
466,E93FgFx6lfo,서울대병원,"원조 노짱 ㅠㅠ 노태우 전대통령님   불곰사업  88올림픽 범죄와의 전쟁  직선제 ,, 과 도 있지만 공도 많으신분    명복을빕니다",Hg J,20211026T13:46:53Z,Youtube,5
467,E93FgFx6lfo,서울대병원,어찌 언제부터 이렇게 인정이 매말라가는 세상이 되였는가 전직대통령님들 정치 잘못했다고 해도 그때 그시절에는 정으로 살아가는 나라였답니다 지금은 그런 정이란것을 찾아볼수없으니 나라가 망가지고 있답니다고인의 명복을 빕니다,민옥순,20211026T13:42:57Z,Youtube,2
468,E93FgFx6lfo,서울대병원,자유. 자본의 가치가 크죠.,Heart Orse.,20211026T14:15:26Z,Youtube,0
469,E93FgFx6lfo,서울대병원,사요나라,g y,20211026T13:39:00Z,Youtube,1
470,E93FgFx6lfo,서울대병원,이토 히로부미 다까끼 마사오 물태우모두 10.26 총살 학살범범죄자에게 전 대통령?? 별세??미쳤냐? 조중동 국힘당 눈치보냐?이게 언론자유냐?,Wade Wilson,20211026T13:35:24Z,Youtube,0
471,E93FgFx6lfo,서울대병원,"비록 5.18 관련 과오는 씻을 수 없지만나머지 대부분 국민들은 살기좋게 만들어준 대통령인것도 사실이지.경제,외교,치안,국방,권위주의 타파 등 다양한 방면에서 고루 업적이 있는 박정희 다음가는 한국 현대사의 명군.",Ruud Gullit,20211026T13:27:47Z,Youtube,1
472,E93FgFx6lfo,서울대병원,삼가.고이의.명복을빕니다,구화순,20211026T13:22:07Z,Youtube,0
473,E93FgFx6lfo,서울대병원,"친구,,,아이가,,,정권 나눠 먹기인구테타,,,내란음모죄,,,수감,,,아닌가?안장하면 안되지,,,없는게 맟지 당근.",박동원,20211026T13:22:06Z,Youtube,9
474,E93FgFx6lfo,서울대병원,김대중묘나 파내서 광주로 옴겨야 할거같은데,삼성전자 세계와호흡하는,20211026T15:42:41Z,Youtube,1
475,E93FgFx6lfo,서울대병원,삼가고인의명복을빕니다,원제용,20211026T13:12:36Z,Youtube,4
476,E93FgFx6lfo,서울대병원,우연치고는 정말 희한한 일이네요~~쿠테타 수괴 박정희 제삿날 쿠테타 2인자가 죽다니!  ㅎㅎㅎ저승에 가서도 쿠테타 모의할려고 오늘 데려가나~~~,문워크,20211026T13:08:12Z,Youtube,4
477,E93FgFx6lfo,서울대병원,편히 쉬십시오,Jeff Shim,20211026T13:07:12Z,Youtube,1
478,E93FgFx6lfo,서울대병원,조용히 ㅡ가족장 하라.,박지훈,20211026T13:05:47Z,Youtube,9
479,E93FgFx6lfo,서울대병원,아직 5.18진상규명은 진행중인데 고통을 더 받다가 죽어야 되는데~~,문워크,20211026T13:04:58Z,Youtube,0
480,E93FgFx6lfo,서울대병원,"노태우 대통령의 말 한마디 순간의 잘못된 생각과 판단이 있었다면 우리도 미얀마의 암울한 세상과 지옥을 경험했으련만,대통령의 업적중 대통령 직접선거 실시와 그로인한 민주의 시발점이 되었음은 살아생전 잘한일중 하나로 역사에 기록될것입니다.국민을 아끼는 마음이 고맙고 감사합니다.",무소유,20211026T13:03:40Z,Youtube,6
481,E93FgFx6lfo,서울대병원,별세같은소리하네 사망이지대통령 박탈 당하고 12.12군사반란 일으키고광주사람을 죽인놈을 높이냐?,김민준,20211026T13:03:33Z,Youtube,4
482,E93FgFx6lfo,서울대병원,민준이  답글모음보면 답나오누~~ㅋㅋㅋ,장정호,20211026T15:33:30Z,Youtube,1
483,E93FgFx6lfo,서울대병원,민준이 딱보니깐 전라도 잼민이 이구나?,Hg J,20211026T13:47:52Z,Youtube,2
484,E93FgFx6lfo,서울대병원,넷상에서 씨부리지말고 유족앞에서 해보세여 ㅎㅎ ^^,Hg J,20211026T13:47:32Z,Youtube,0
485,E93FgFx6lfo,서울대병원,범죄와의 전쟁은 노태운 최고 업적이라 불러도 된다,뚜두뚜두뚜둔뚜둔,20211026T13:22:19Z,Youtube,1
486,E93FgFx6lfo,서울대병원,그래도 전두환이보단 낫지 ㅡㅡ 추징금 완납에 아들 통해서 꾸준히 사과했는데 노태우 아니었음 우리나라 깡패 소굴 됐다,아이신기오로 누르하치,20211026T13:17:17Z,Youtube,0
487,E93FgFx6lfo,서울대병원,고인의 명복을 빕니다,장병순,20211026T13:03:20Z,Youtube,1
488,E93FgFx6lfo,서울대병원,누가 거기서 가서 똥 라 풀어 라! 군부의권위에 만들힘 지금와서 자유와민주 노친내 노태우의개소리,박광위,20211026T13:02:34Z,Youtube,0
489,E93FgFx6lfo,서울대병원,삼가 고인의 명복을 비빌까 말까,2345 1,20211026T13:01:14Z,Youtube,2
490,E93FgFx6lfo,서울대병원,"Farewell Rho taewu, he did many good jobs despite some blame, but he was much ,much better than today a socialist Mun jaeyang.",Wan Che,20211026T13:00:28Z,Youtube,4
491,E93FgFx6lfo,서울대병원,각언론들은 제대로 보도 안할것이냐누구를 전직 대통령이라고 하는 것이더냐그들은 대통령이라는 칭호를 받을 자격이 없음을모른단 말이냐,찻잔속커피,20211026T12:51:36Z,Youtube,0
492,E93FgFx6lfo,서울대병원,잘죽었다.👏👏👏,Young Lee,20211026T12:51:28Z,Youtube,9
493,E93FgFx6lfo,서울대병원,왜악마들은잘먹고잘사나?그대신하늘나라못가고지옥에가서천벌받겠지,변은석,20211026T13:15:08Z,Youtube,1
494,E93FgFx6lfo,서울대병원,삼가고인의명복을빕니디노전대통령은 공과사중에 공이많은대통령입니다 현정치인들은자기배채울려고다들 혈안이 되어있지안은가  이재맹  문죄인다그런 놈들아닌가이제 편히쉬십시요 고인의 명복을빕니다,김영암,20211026T12:51:27Z,Youtube,3
495,E93FgFx6lfo,서울대병원,너라 우파세기들 머해도 안대 와 국민의돈의 돈 잔치하이까 문대통령이 잘 욕하고 목하면 타합소라라  하고  너라우파세기들 하면 자유 우리좌파 하면 범재야 이놈이 어디서 개소리이야,박광위,20211026T13:13:28Z,Youtube,0
496,E93FgFx6lfo,서울대병원,박그네는요?,타핫,20211026T12:54:11Z,Youtube,0
497,E93FgFx6lfo,서울대병원,사망원인이 궁금한가?갈때가 되어서 갔는데,Star I'm,20211026T12:49:15Z,Youtube,12
498,E93FgFx6lfo,서울대병원,kbs는 노태우를 아직도 전 대통령이라 하냐,Forever Panda,20211026T12:47:05Z,Youtube,4
499,E93FgFx6lfo,서울대병원,사과도 없이 용서를 바란다니,Forever Panda,20211026T12:46:35Z,Youtube,3
500,E93FgFx6lfo,서울대병원,kbs에서 아직도 전 대통령이라고 하네,Forever Panda,20211026T12:45:16Z,Youtube,5
501,E93FgFx6lfo,서울대병원,대통령했으니깐 전 대통령이라하지 그럼뭐라부름?,임성,20211026T15:42:58Z,Youtube,2
502,E93FgFx6lfo,서울대병원,"그래도 한 시절, 전두환의 그늘 아래, 늘 신군부 군사정권의 2인자로 숨 죽이고 있다가 친구 처 내고 자기가 드디어 1인자 권력자로서 박철언을 위시하여 세상을 호령하고 풍미하다가 이제 저승으로 갔으니, 후회인 들 있으랴! 다음 생에는 소나 돼지 같은 짐승(가축)으로 태어나서 사람들한테 봉사 좀 하고 참회하도록 하소!",꿀매력팡팡,20211026T12:43:26Z,Youtube,0
503,E93FgFx6lfo,서울대병원,전두환혈액암? 천벌받았네,변효순,20211026T12:43:24Z,Youtube,8
504,E93FgFx6lfo,서울대병원,그럼 혈액암걸린분들은 천벌받은건가?,트레스타나,20211026T12:53:25Z,Youtube,0
505,E93FgFx6lfo,서울대병원,인생무상. 권력과 야욕 .. 세월앞에서는 모두 부질없는짓 . 모든걸 뒤로하고 다음생에서는 절대로 과오를 하고말고 편히 쉬세요.,James Kim,20211026T12:34:56Z,Youtube,27
506,E93FgFx6lfo,서울대병원,당신이 잘한거 딱 한가지...러시아 차관우연이었겠지만 이거 만큼은 미래를 위한 신의 한수였음.,Xellos,20211026T12:34:15Z,Youtube,3
507,E93FgFx6lfo,서울대병원,범죄와의 전쟁,Lee Jaehar,20211026T13:22:32Z,Youtube,1
508,E93FgFx6lfo,서울대병원,직선제,쭌로그 JJunlog,20211026T13:08:09Z,Youtube,1
509,E93FgFx6lfo,서울대병원,노씨는 10.26전씨는 12.12,헨리3세,20211026T12:33:55Z,Youtube,14
510,E93FgFx6lfo,서울대병원,@뒤베르제 나는 전라개돼지들은한국인이라인정안해,문재앙사형,20211027T23:51:50Z,Youtube,0
511,E93FgFx6lfo,서울대병원,노씨도 죽는날짜 기똥차게 10.26으로받았네전씨도 지가 12.12쿠테타 일으킨 그날에 뒤지길 빈다는뜻,헨리3세,20211026T13:25:58Z,Youtube,1
512,E93FgFx6lfo,서울대병원,@뒤베르제일단 전두환~노태우때가 잘살긴 했었음전두환은 자기 부하들이 다해준거지만노태우는 어느 정도 지가 스스로 했음,타지리,20211026T13:24:20Z,Youtube,1
513,E93FgFx6lfo,서울대병원,@김영암 국민 맞으니깐 저렇게 말하지. 국민 아닌 세키들이 전두환 정치 잘했다는 개소리 하는거 보면 모르냐? 그리고 대한국민이 머냐 대한민국이지,뒤베르제,20211026T13:03:19Z,Youtube,2
514,E93FgFx6lfo,서울대병원,대한국민 국민 맞나의심이드네,김영암,20211026T12:58:46Z,Youtube,0
515,E93FgFx6lfo,서울대병원,와 ㅅㅂ 그냥 그대로 가나?!아무말 없이?!,애말이오,20211026T12:32:22Z,Youtube,13
516,E93FgFx6lfo,서울대병원,대가리 든게 있노? 유언은 말도 아니냐,박정욱,20211026T15:11:03Z,Youtube,0
517,E93FgFx6lfo,서울대병원,유언 남겼다 빡대야,Jeff Shim,20211026T13:07:00Z,Youtube,0
518,E93FgFx6lfo,서울대병원,당신 사망한 사람 깨우가 죄는미워도사람은 미웧지마라,김영암,20211026T12:56:17Z,Youtube,0
519,E93FgFx6lfo,서울대병원,별세란말 좀 써라!!!,김영준,20211026T12:32:09Z,Youtube,1
520,E93FgFx6lfo,서울대병원,대통령을 하신분 인데 서거가 못마땅하면 별세라고 해야지 온갖 방송에 사망이라니 이러고도 동방 예의지국 인가 참나원 어떤방송에서는 전대통령 호칭도 없이 씨 라네요 에라이 망종들아,김진택,20211026T18:26:14Z,Youtube,0
521,E93FgFx6lfo,서울대병원,보통사람들은 뭐라고 하죠?  자기가 보통사람이라.,Heart Orse.,20211026T14:12:48Z,Youtube,0
522,E93FgFx6lfo,서울대병원,별세라는 단어를 굳이 써야하나? 노태우한테?,뒤베르제,20211026T13:04:23Z,Youtube,1
523,E93FgFx6lfo,서울대병원,어찌보면 전대갈한테 휘둘린쪽임,최강멘탈,20211026T12:29:03Z,Youtube,0
524,E93FgFx6lfo,서울대병원,내는마 보통사람입니다,이성철,20211026T12:28:53Z,Youtube,1
525,E93FgFx6lfo,서울대병원,노태우님~~돌아가신줄알았는데 ㅠ고인의  명복을..........,행복가득,20211026T12:28:42Z,Youtube,1
526,E93FgFx6lfo,서울대병원,아 너 나이어린지 먼 명복 이 어린놈야  노태우하고 전두환 자유와민주을 탄합한놈들이야 죽을대 사과 안 하고 조용허죽어은대 먼 명복 !,박광위,20211026T13:17:25Z,Youtube,0
527,E93FgFx6lfo,서울대병원,자유IN예수,이숙영,20211026T12:26:41Z,Youtube,1
528,E93FgFx6lfo,서울대병원,전두환이 먼저 가야하는거 아닌가… 순서가 좀 바뀐것 같은데,dlatpwns9104세준,20211026T12:23:53Z,Youtube,46
529,E93FgFx6lfo,서울대병원,@Young Lee 공작처로 개명 한다던디요,김진택,20211027T04:08:11Z,Youtube,0
530,E93FgFx6lfo,서울대병원,누가 전을 데려가누 저승사자도 사람 된사람만 데려갑니다,김순희,20211027T03:28:39Z,Youtube,0
531,E93FgFx6lfo,서울대병원,@김민준 그래서 김머중 김땡삼이 먼저 갔잖아? ㅋㅋ,운지TV,20211026T13:52:29Z,Youtube,2
532,E93FgFx6lfo,서울대병원,@공수처 😁,Young Lee,20211026T13:35:42Z,Youtube,1
533,E93FgFx6lfo,서울대병원,@미사키마오 통베들 먼저 구워져야 되는거 아니냐?,5XL배차장,20211026T13:16:54Z,Youtube,4
534,E93FgFx6lfo,서울대병원,KBS야 누가 별세라고 썼냐?  사망으로 고쳐라.,좀비,20211026T12:23:07Z,Youtube,0
535,E93FgFx6lfo,서울대병원,祝,이기석,20211026T12:19:50Z,Youtube,3
536,E93FgFx6lfo,서울대병원,지옥 가기 전에 아직 한 맺혀 떠나지도 못하신 5.18 희생자 분들 혼께 &#39; 직접 만나 &#39; 사과하고 가라,suq yu,20211026T12:18:16Z,Youtube,17
537,E93FgFx6lfo,서울대병원,@미사키마오저 가오리 안먹습니다,박형준,20211030T11:04:40Z,Youtube,0
538,E93FgFx6lfo,서울대병원,@미사키마오 저 서울 사람인데요,박형준,20211030T11:02:18Z,Youtube,0
539,E93FgFx6lfo,서울대병원,@김민준 전라도새끼들은한국인아니지 개돼지새끼들,문재앙사형,20211027T23:57:55Z,Youtube,0
540,E93FgFx6lfo,서울대병원,@이정혁 👍 👍 👍 👍 👍 👍 👍 👍,문재앙사형,20211027T23:57:16Z,Youtube,0
541,E93FgFx6lfo,서울대병원,@이정혁 맞아요,문재앙사형,20211027T23:56:21Z,Youtube,0
542,E93FgFx6lfo,서울대병원,쌈과 고기에 면봉을 비빔!,suq yu,20211026T12:17:17Z,Youtube,9
543,fWo5WTxi7NQ,서울대병원,{주}께서 의로운 자는 단련하시되 사악한 자와 폭력을 사랑하는 자는 그분의 혼이 미워하시는도다. 그분께서 사악한 자들에게 올가미와 불과 유황과 무서운 폭풍을 비같이 내리시리니 이것이 그들의 잔의 몫이 되리로다.   (시편 11:5-6)​,Elriesel Elriel,20211026T13:27:27Z,Youtube,0
544,fWo5WTxi7NQ,서울대병원,별관심은 없지만 전두환도 데려가요...근데 서거라고 안하고  모든 언론이 사망이라고 하는 따른 이유가 있나요?,Erin Bang,20211026T10:40:06Z,Youtube,2
545,fWo5WTxi7NQ,서울대병원,응독재자니까,zui zuzi,20211026T10:43:17Z,Youtube,1
546,3Xri92D1grs,서울대병원,사망보다운명이라고방송국들해라,배용관,20211026T08:56:41Z,Youtube,0
547,3Xri92D1grs,서울대병원,노태우 대통령 잘한 것 만 보면 러시아에서 군사 과학 무기를 들여올 수 있게 해존 대통령입니다.지금 미사일 / 레이더 시스템 / 탱크 / 자주포가 명품이 된 이유가 노태우 대통력 덕분입니다.,young21style,20211026T08:09:22Z,Youtube,1
548,MZtSs8O5FpQ,서울대병원,"* 타인을 비방하거나 욕설, 비속어, 차별적 내용, 신체적 비하 등의 불쾌감을 줄 수 있는 댓글은 무통보 삭제될 수 있습니다.* 단순 비난, 허위 사실 유포,  광고 등의 댓글은 무통보 삭제될 수 있습니다. * 의학적 질문에 답변을 드리지 않습니다.* 제공된 의학정보는 일반적인 사항으로 개개인의 특성을 반영하지 못합니다.",서울대병원tv,20211018T07:02:19Z,Youtube,1
549,MZtSs8O5FpQ,서울대병원,서로 위하는 마음 보기 좋아요! 두분다 화이팅ㅋ kcm 노래도 너무좋네용~,조힐링뮤직,20211030T06:34:16Z,Youtube,0
550,MZtSs8O5FpQ,서울대병원,와…멋진 사수님이시네요. 부사수님도 잘할수있으실거에요~ 화이팅입니다^^ 울창모님 노래로 많이 힘되셨을거같아요💕,송민경,20211022T05:54:39Z,Youtube,0
551,MZtSs8O5FpQ,서울대병원,채윤희선생님 너무  감사합니다  분만장에서 아기 간호사님의 탄생을 보여주시었네요 나윤이 아빠가,김광수,20211021T19:35:12Z,Youtube,2
552,MZtSs8O5FpQ,서울대병원,서로를 생각하는 모습이 너무 보기 좋아요 서로에게 힘이 되는 좋은 동료가 되었으면 좋겠어요!! 응원합니다~,김구슬,20211021T14:34:30Z,Youtube,0
553,MZtSs8O5FpQ,서울대병원,늘 아름다운 노래로 위로해주는 KCM~♡,정하은,20211020T00:04:06Z,Youtube,3
554,MZtSs8O5FpQ,서울대병원,마음씨도 예쁜 간호사분들이네~~ 항상  고마운 마음입니다^^그나저나 나도 저앞에서 같이 노래듣고싶다,jy destress,20211018T14:51:08Z,Youtube,2
555,MZtSs8O5FpQ,서울대병원,두 분의 동료애 멋져요!! 힘든 일이 있어도 기쁜 일이 있어도 함께 하는 두 분이시길 ~ 응원합니다 ,행복하구나!!! ㅋㅋ,20211018T07:38:37Z,Youtube,4
556,9SLNIcQA9Vc,서울대병원,"* 타인을 비방하거나 욕설, 비속어, 차별적 내용, 신체적 비하 등의 불쾌감을 줄 수 있는 댓글은 무통보 삭제될 수 있습니다.* 단순 비난, 허위 사실 유포,  광고 등의 댓글은 무통보 삭제될 수 있습니다. * 의학적 질문에 답변을 드리지 않습니다.* 제공된 의학정보는 일반적인 사항으로 개개인의 특성을 반영하지 못합니다.",서울대병원tv,20211018T07:02:11Z,Youtube,3
557,9SLNIcQA9Vc,서울대병원,좋은일만 가득하세요 ~^^👍🎶🎵🎼🎵🎶,만덕,20211101T07:02:18Z,Youtube,1
558,9SLNIcQA9Vc,서울대병원,병원과도 어울리는kcm목소리잘 봤어요💯💯💯🎀🎀🎀💞,Lk,20211028T03:50:27Z,Youtube,1
559,9SLNIcQA9Vc,서울대병원,와…. 찐감동이셨을듯.. 의사쌤들 늘수고 많으십니다~ 울창모님 짱멋짐😍,송민경,20211022T05:44:28Z,Youtube,2
560,9SLNIcQA9Vc,서울대병원,KCM님 최고ㅠㅠ💕💕,민민,20211021T05:06:19Z,Youtube,2
561,9SLNIcQA9Vc,서울대병원,소아과 선생님 아이를 사랑하는 모습이 너무 멋있어 보여요. 감명깊게 잘 보았습니다.,신백섭,20211020T07:39:18Z,Youtube,3
562,9SLNIcQA9Vc,서울대병원,참 보기 좋네요.  모두 응원합니다,Versace B.M,20211019T16:10:32Z,Youtube,3
563,9SLNIcQA9Vc,서울대병원,우윳빛깔 백창현 !,JiSeong Kim,20211019T12:29:56Z,Youtube,1
564,9SLNIcQA9Vc,서울대병원,찾아가는 서비스처럼 좋은 코너네요~~ 예술같은 노래 듣고 힐링되셨으면 좋겠어요^^ ++창모형 노래는 뭐 천상계인거 다 아는거고 근데 진행은 왜케 잘해👍,jy destress,20211018T14:37:18Z,Youtube,4
565,9SLNIcQA9Vc,서울대병원,환자들을 먼저 생각해 주시는 선생님들을 보니 감동입니다. 응원합니다 ,행복하구나!!! ㅋㅋ,20211018T07:29:55Z,Youtube,6
566,TXhDsRpgRSY,서울대병원,"* 타인을 비방하거나 욕설, 비속어, 차별적 내용, 신체적 비하 등의 불쾌감을 줄 수 있는 댓글은 무통보 삭제될 수 있습니다.* 단순 비난, 허위 사실 유포,  광고 등의 댓글은 무통보 삭제될 수 있습니다. * 의학적 질문에 답변을 드리지 않습니다.* 제공된 의학정보는 일반적인 사항으로 개개인의 특성을 반영하지 못합니다.",서울대병원tv,20211018T04:14:26Z,Youtube,0
567,TXhDsRpgRSY,서울대병원,예전에는 서울대병원 하면 타 병원의  모범이 되었습니다 ~?^^,만덕,20211101T07:07:12Z,Youtube,0
568,TXhDsRpgRSY,서울대병원,썸네일에 나와있는 &#39;인턴n년차&#39;는 도대체 무엇입니까...? 서울대병원에서 무슨 일이 벌어지고 있는거죠? ㅋㅋㅋ,sucre gabe,20211018T11:58:00Z,Youtube,0
569,TXhDsRpgRSY,서울대병원,다들 너무 잘생겼네요. 슬의생에서 나온줄 알았습니다,정용욱,20211018T02:30:26Z,Youtube,4
570,jpPDlo9JkBs,서울대병원,훌륭하십니다. 의원님!!!대선후보 얘기만 넘쳐나는 국정감사 영상에서 유령 연구원들의 이야기와 강원대 한국어 강사 이야기로 감동 먹었습니다. !!!!,양주연,20211021T14:24:00Z,Youtube,0
571,jpPDlo9JkBs,서울대병원,늘 응원하고 함께 하겠습니다.,하성천,20211015T16:17:51Z,Youtube,0
572,M3OBh8EVnNg,서울대병원,임 영웅님 항상 어떤 일이든 참여해주시는것 항상감사하네요 복 많이받으세요,최미애,20211026T04:48:17Z,Youtube,0
573,M3OBh8EVnNg,서울대병원,영웅님심성고와복받읍니다하늘은봅니다가족모두에게건행사랑합니다,박윤경,20211024T08:44:05Z,Youtube,0
574,M3OBh8EVnNg,서울대병원,영웅님  착하네요 선배님을 도울수있어 행복하시겠네요 항상 건강하세요 ♡♡,조선애,20211019T11:53:34Z,Youtube,1
575,M3OBh8EVnNg,서울대병원,사실인지 아닌지 확인할 사안이네요,조성희,20211017T11:48:40Z,Youtube,1
576,M3OBh8EVnNg,서울대병원,선배님들사실이라면좀실망이네요,허정희,20211015T03:03:54Z,Youtube,1
577,M3OBh8EVnNg,서울대병원,응원합니다,박영미,20211014T20:54:08Z,Youtube,1
578,M3OBh8EVnNg,서울대병원,임영웅님  인정많고  병원비를내주는   착한가수최고의가수에요   축하해요  ♥♥♥♥♥,윤종분,20211014T11:53:13Z,Youtube,1
579,M3OBh8EVnNg,서울대병원,영웅님 사랑은도망가 대박입니다 너무 좋아요 인성 좋은영웅님 화이팅입니다 ~^^♡,백가랑,20211014T11:31:25Z,Youtube,1
580,M3OBh8EVnNg,서울대병원,영웅님인성몸말리는심성이네요건행.,김수명,20211014T07:38:44Z,Youtube,1
581,M3OBh8EVnNg,서울대병원,뭐야 헤은이는  나빠어요,박숙희,20211014T06:56:08Z,Youtube,1
582,M3OBh8EVnNg,서울대병원,영웅님 많이 힘들겠어요 관리 잘하세요 ♥건행,이인자,20211014T03:00:10Z,Youtube,2
583,M3OBh8EVnNg,서울대병원,병원비도  없써서  남의도움을   받는처지에    그냥동네병원에가지    왜  서울대병원까지   꼭  가야하나요     큰병이라도  걸려쓰면  몰라도,조순자,20211014T00:33:11Z,Youtube,5
584,M3OBh8EVnNg,서울대병원,사랑하는영웅님너무사랑해요영웅님사랑아늘도망가너무조아요영웅님건강해야되요,장진희,20211014T00:19:54Z,Youtube,4
585,M3OBh8EVnNg,서울대병원,영웅님의선하고착한인성은누구도따라갈수없어요,오복실,20211013T22:41:29Z,Youtube,4
586,M3OBh8EVnNg,서울대병원,웅님늘착한모습이.고맙습니다 늘행복하시고 좋운노래 많이많이 들려주세요,한미자,20211013T14:08:03Z,Youtube,4
587,4v6fOPmWPl8,서울대병원,"현장감 있는 설명 감사합니다. 정말 궁금했던 이야기인데, 꼭 읽어보고싶네요!",YoonDong Hwang,20211012T08:54:57Z,Youtube,1
588,tqewZi5r25I,서울대병원,동원군 어린나이에도 불구하고 향상힘든 사람들에게 삶을배푸는 행동.너무나도 보기좋아요. 향상응원해요 몸이건강해야. 하고자하는일 잘할수 있어요 건강잘챙기고 할짝웃는 모습계속. 봡었면 좋게었요 둥원군사랑해요. 화이팅,영옥 조,20211012T23:24:04Z,Youtube,0
589,tqewZi5r25I,서울대병원,정동원  대단하다~~~영원한 팬입니다.^^,권소연,20211012T22:23:20Z,Youtube,0
590,tqewZi5r25I,서울대병원,우리  동원님   정말  어린나이 지만   휼륭하고  아침에  너무기분좋고  감동입니다   우리동원님  너무너무   좋은일  많히  해주어서   감사합니다  오늘하루도  행복한  하루하루  되세요~^♡^,이경희,20211012T22:07:30Z,Youtube,0
591,tqewZi5r25I,서울대병원,정동원  우리들 의  마음속에  최고 . 최고.최고 입니다.역시 동원이는 큰그릇이군요.,혜윤 안,20211012T10:36:22Z,Youtube,2
592,tqewZi5r25I,서울대병원,우리어른들이정동원본좀봅시다.이어린애가이렇게큰마음을머코행동했다니너무감사하고고맙습니다.이렇게착한일을하니동원이는보석같은친구죠동원군감사해요가는길마다등불이항상밝게비추어주실거예요저하늘에서요.힘차게걸어세요,장점희,20211012T08:52:32Z,Youtube,2
593,tqewZi5r25I,서울대병원,울삐약이  착한마음   의사분들 노고알고  고운마음  정말  감사해요   코로나로인해 고생하시는 의사분들위해  예쁜마음 천사같은 마음 기부 감사해요 울삐약이 최고입니다 늘건강하고 꽃길만걸어세요 응원합니다 기도합니다 👍👍💕💕💕👏👏🙏,정순임,20211012T08:52:07Z,Youtube,5
594,tqewZi5r25I,서울대병원,어린사람이 마음이 정말예쁘네  이런연예인들이  많이늘어나 사회에귀감이되면좋겠네요,승희 송,20211012T08:36:27Z,Youtube,4
595,Weq79-oWIjQ,서울대병원,나날이 발전하는 근우의건강화이팅~~^^♡,윤근아,20211011T23:45:35Z,Youtube,0
596,Weq79-oWIjQ,서울대병원,쌤 너무 도움되는 영상이에요!&gt;&lt;,Dana,20211011T23:20:48Z,Youtube,0
597,Weq79-oWIjQ,서울대병원,쌤ㅋㅋㅋ 표정👍👍,Dana,20211011T23:20:06Z,Youtube,0
598,ZNKkuT1xvEI,서울대병원,개선형저상버스인가요.,예린,20211011T10:11:02Z,Youtube,0
599,VyiudswlbxE,서울대병원,언제나 멋지고 앞날이 기대되는 정도운 작가!   이번에도 의미 있는 전시하는군요.,Joy,20211011T01:53:02Z,Youtube,0
600,s-E7-pjo13g,서울대병원,"* 타인을 비방하거나 욕설, 비속어, 차별적 내용, 신체적 비하 등의 불쾌감을 줄 수 있는 댓글은 무통보 삭제될 수 있습니다.* 단순 비난, 허위 사실 유포,  광고 등의 댓글은 무통보 삭제될 수 있습니다. * 의학적 질문에 답변을 드리지 않습니다.* 제공된 의학정보는 일반적인 사항으로 개개인의 특성을 반영하지 못합니다.",서울대병원tv,20211010T01:19:23Z,Youtube,17
601,s-E7-pjo13g,서울대병원,ㅋㅋㅋ와우 수간호사샘 인상 빡세네요 ..먼가 잘태울관상이랄까,호두땅콩,20211110T18:05:51Z,Youtube,0
602,s-E7-pjo13g,서울대병원,대한민국병원에있는모든아가들아하루빨리낳아서집에가자~힘내자아가야♡,항상그대로그렇게,20211106T11:42:59Z,Youtube,0
603,s-E7-pjo13g,서울대병원,너무멋져요 간호팀….,쥬원,20211104T11:52:26Z,Youtube,1
604,s-E7-pjo13g,서울대병원,의사선생님들 간호사선생님들이 일하시는 모습을 짧게나마 영상으로 볼 수 있어서 너무 좋았습니다. 소아 중환자실은 다른 곳보다 더 신경쓸것도 많고 조심해야할 부분도 많은 공간인 것 같은데 그런 곳에서 아이들을 위해서 열심히 일해주시는 의료진분들을 보니깐 정말 존경스럽고 저도 더 열심히 공부를 해야한다는 생각이 드네요.ㅎㅎ,다영 이,20211031T06:23:45Z,Youtube,2
605,s-E7-pjo13g,서울대병원,"저희 둘째가 이른둥이로 나와 두달 가량을 소아 중환자실에 있었는데 10개월인 지금 너무 건강하고 튼튼하고 서서 걷기얀습할정도로 발달도 빨라요, 선생님들께서 이시국에도 매일 전화주셔서 안심할 수 있도록 가족같이 대화해주시고 고생하셨을텐데 저희 아이 무사히 잘 퇴원 할 수 있게 해주심에 감사드려요. 선생님들 안계셨으면 어땠을지 아직도 아찔해요. 정말 감사합니다",콩콩,20211021T17:24:13Z,Youtube,1
606,s-E7-pjo13g,서울대병원,서울대 외랟때문에3달에2번가는데 얘들은 안아팠음좋겠어요,cats,20211021T16:27:31Z,Youtube,1
607,s-E7-pjo13g,서울대병원,진짜 너무 존경스럽습니다. 감사합니다,호랑나비,20211019T15:31:38Z,Youtube,2
608,s-E7-pjo13g,서울대병원,선생님들 정말 대단하셔요~ 모두 존경스럽습니다,kks,20211019T14:23:43Z,Youtube,2
609,s-E7-pjo13g,서울대병원,선생님들의 수고 다시 봐도 존경스럽습니다. 중환자실만 다섯번 거쳐간 우리 락이를 잘 보살펴 주셔서 감사합니다.^^,락이채널,20211019T10:34:45Z,Youtube,8
610,s-E7-pjo13g,서울대병원,"저분이 그 유명한 전국에 40명있는 소아외과 쌤인가요,,,? 와우",엑소는 6명이야 외퀴들아 경수야 너만 볼게,20211015T21:57:10Z,Youtube,4
611,s-E7-pjo13g,서울대병원,서울대병원 중환자실에 입원했었습니다. 치료약의 환각증상으로 의료진들을 더욱 힘들게 했음에도 불구하고 건강 회복 할 수 있도록 지켜주시고 도와주셔서 정말 감사합니다. 더 건강히 감사하며 살겠습니다. 저도 누군가의 도움이 되고자 노력하는 마음으로 살겠습니다. 감사합니다. 진심으로 존경합니다.,*스누피,20211013T11:51:32Z,Youtube,12
612,s-E7-pjo13g,서울대병원,아픈아이들이 없길ㅜ,나야나,20211013T11:36:46Z,Youtube,8
613,s-E7-pjo13g,서울대병원,서울대병원 신경과에 어떤 교수님 의사로써 자격이 안되신분이 계십니다.  이름은 밝히지 않겠지만 매우 권위적이고 불친절하며 보수적이며 무조건 내말이 맞다라는 편견을 가지고 계시면 고집이 쌔십니다.  타병원에서 결과기록지와 CD 가져온것조차 읽어보지 않으시고 대충 진료보시고 단순 스트레스다라고 오진단까지 했습니다. 그래서 다른 대학병원에서 정확한 진단을 받고 치료중입니다. 카페에 교수님 진료후기가 몇개 있길래 찾아보니 저와 같이 불친절 했다는 후기가 좀 있더라구요.  이런분이 의사라는게 믿겨지지 않습니다.,옵치양학러,20211012T09:45:11Z,Youtube,3
614,s-E7-pjo13g,서울대병원,불친절을 느끼셨다면 저기병원 고객소리함에...,-쿙쿙•_•,20211030T00:40:25Z,Youtube,0
615,s-E7-pjo13g,서울대병원,"<a href=""https://www.youtube.com/watch?v=s-E7-pjo13g&amp;t=2m40s"">2:40</a> 에 나오는 환아는 저도 모야모야환자로서 안타깝네요 아마 뇌경색이나출혈같은데",ko ff,20211012T02:32:16Z,Youtube,5
616,s-E7-pjo13g,서울대병원,저렇게 아팠다가 치료받고 생글생글 웃는아기들 보면 기분을 말로 다 할 수 없을거같네요,남Mjs45817,20211011T17:04:45Z,Youtube,10
617,s-E7-pjo13g,서울대병원,감사할 뿐입니다,김은수,20211011T09:45:34Z,Youtube,6
618,s-E7-pjo13g,서울대병원,선생님들 너무대단하세요  ㅜ 존경합니다,강성주,20211010T23:26:04Z,Youtube,8
619,s-E7-pjo13g,서울대병원,간호사님들 진심으로  감사합니다,김성훈,20211010T14:21:10Z,Youtube,45
620,s-E7-pjo13g,서울대병원,서울대 소아 중환자실에 취직하는 게 꿈인데 더 열심히 공부해야겠어요ㅠㅠ,점점,20211010T12:42:12Z,Youtube,17
621,s-E7-pjo13g,서울대병원,의사선생님들 간호사님들 수고가 많으시네요~감사하고 존경합니다~^^환아와 가족들 의료진여러분들~건강하시고 행복하시길 기도드립니다~~,전경미,20211010T10:13:30Z,Youtube,8
622,s-E7-pjo13g,서울대병원,아이들 빨리 쾌유해서 가족품으로 돌아갔으면 좋겠어요ㅜ,이수정,20211010T07:56:50Z,Youtube,18
623,s-E7-pjo13g,서울대병원,저희 아기도 심질환으로 어린이 병원에 입원한 경험이 있어서 그런지 영상을 보는내내 공감도 되고 마음의 호수에 감동의 물결이 일렁이네요👍👍입원한 모든 환아들 부디 빠른 쾌유를 바라고 어린이 병원 관계자분들 정말 수고 많으십니다!,혀짧은뽀도도,20211010T04:18:29Z,Youtube,16
624,s-E7-pjo13g,서울대병원,영상 감사합니다!,Alex Grey,20211010T01:59:13Z,Youtube,9
625,s-E7-pjo13g,서울대병원,소아중환자실 선생님들 정말 존경스럽습니다. 전쟁터같은 일상속에서도 피어나는 아이들에대한 사랑이 뚝뚝 묻어납니다.,Cathy,20211010T01:14:22Z,Youtube,42
